Title,Rating,Year,Duration,Votes,Director,MetaScore,Predicted Rating
1. Гражданин Кейн,8.3,1941.0,1h,471000,Orson Welles,100.0,8.3
2. Крестный отец,9.2,1972.0,2h,1000000,Francis Ford Coppola,100.0,9.200000000000001
3. 12 разгневанных мужчин,9.0,1957.0,1h,885000,Sidney Lumet,97.0,9.000000000000002
4. Касабланка,8.5,1942.0,1h,614000,Michael Curtiz,100.0,8.5
5. Страсти Жанны д'Арк,8.1,1928.0,1h,62000,Carl Theodor Dreyer,98.0,8.1
6. Огни большого города,8.5,1931.0,1h,199000,Charles Chaplin,99.0,8.5
7. Головокружение,8.3,1958.0,2h,434000,Alfred Hitchcock,100.0,8.3
8. Семь самураев,8.6,1954.0,3h,372000,Akira Kurosawa,98.0,8.6
9. Восход солнца,8.1,1927.0,1h,54000,F.W. Murnau,95.0,8.1
10. Крестный отец 2,9.0,1974.0,3h,4000000,Francis Ford Coppola,90.0,9.000000000000002
11. Эта замечательная жизнь,8.6,1946.0,2h,506000,Frank Capra,89.0,8.6
12. Окно во двор,8.5,1954.0,1h,531000,Alfred Hitchcock,100.0,8.5
13. Психо,8.5,1960.0,1h,731000,Alfred Hitchcock,97.0,8.5
14. Метрополис,8.3,1927.0,2h,188000,Fritz Lang,98.0,8.3
15. Сансет бульвар,8.4,1950.0,1h,240000,Billy Wilder,94.0,8.4
16. Человек с киноаппаратом,8.3,1929.0,1h,28000,Dziga Vertov,96.0,8.3
17. Токийская повесть,8.1,1953.0,2h,70000,Yasujirô Ozu,100.0,8.1
18. Поющие под дождем,8.3,1952.0,1h,265000,Stanley Donen,99.0,8.3
19. Квартира,8.3,1960.0,2h,200000,Billy Wilder,94.0,8.3
20. Лоуренс Аравийский,8.3,1962.0,3h,320000,David Lean,100.0,8.3
"21. Доктор Стрейнджлав, или Как я научился не волноваться и полюбил атомную бомбу",8.3,1964.0,1h,525000,Stanley Kubrick,97.0,8.3
"22. Хороший, плохой, злой",8.8,1966.0,2h,825000,Sergio Leone,90.0,8.800000000000002
23. М убийца,8.3,1931.0,1h,171000,Fritz Lang,0.0,8.3
24. Пролетая над гнездом кукушки,8.7,1975.0,2h,1000000,Milos Forman,84.0,8.700000000000001
25. Третий человек,8.1,1949.0,1h,185000,Carol Reed,97.0,8.1
26. Новые времена,8.5,1936.0,1h,264000,Charles Chaplin,96.0,8.5
27. Всё о Еве,8.2,1950.0,2h,141000,Joseph L. Mankiewicz,98.0,8.2
28. Рай и ад,8.4,1963.0,2h,55000,Akira Kurosawa,90.0,8.4
29. Броненосец «Потемкин»,7.9,1925.0,1h,62000,Sergei Eisenstein,97.0,7.9
30. Двойная страховка,8.3,1944.0,1h,170000,Billy Wilder,95.0,8.3
31. Апокалипсис сегодня,8.4,1979.0,2h,721000,Francis Ford Coppola,94.0,8.4
32. Расёмон,8.2,1950.0,1h,184000,Akira Kurosawa,98.0,8.2
33. Волшебник страны Оз,8.1,1939.0,1h,435000,Victor Fleming,92.0,8.1
34. Правила игры,7.9,1939.0,1h,32000,Jean Renoir,99.0,7.9
35. Похитители велосипедов,8.3,1948.0,1h,178000,Vittorio De Sica,0.0,8.3
36. Таксист,8.2,1976.0,1h,941000,Martin Scorsese,94.0,8.2
37. Лучшие годы нашей жизни,8.1,1946.0,2h,72000,William Wyler,93.0,8.1
38. 2001 год: Космическая одиссея,8.3,1968.0,2h,732000,Stanley Kubrick,84.0,8.3
39. Звёздные войны,8.6,1977.0,2h,5000000,George Lucas,90.0,8.6
40. Унесенные ветром,8.2,1939.0,3h,338000,Victor Fleming,97.0,8.2
41. В джазе только девушки,8.2,1959.0,2h,287000,Billy Wilder,98.0,8.2
42. Восемь с половиной,8.0,1963.0,2h,127000,Federico Fellini,93.0,8.0
43. Это случилось однажды ночью,8.1,1934.0,1h,114000,Frank Capra,87.0,8.1
44. Жить,8.3,1952.0,2h,90000,Akira Kurosawa,92.0,8.3
45. На западном фронте без перемен,8.1,1930.0,2h,69000,Lewis Milestone,91.0,8.1
46. Битва за Алжир,8.1,1966.0,2h,67000,Gillo Pontecorvo,96.0,8.1
47. Великий диктатор,8.4,1940.0,2h,241000,Charles Chaplin,0.0,8.4
48. Шерлок младший,8.2,1924.0,45m,59000,Buster Keaton,0.0,8.2
49. В порту,8.1,1954.0,1h,168000,Elia Kazan,91.0,8.1
50. Короткая встреча,8.0,1945.0,1h,45000,David Lean,92.0,8.0
51. Дети райка,8.3,1945.0,3h,21000,Marcel Carné,96.0,8.3
52. Гроздья гнева,8.1,1940.0,2h,101000,John Ford,96.0,8.1
53. На север через северо-запад,8.3,1959.0,2h,351000,Alfred Hitchcock,98.0,8.3
54. Список Шиндлера,9.0,1993.0,3h,5000000,Steven Spielberg,95.0,9.000000000000002
55. Паровоз Генерал,8.1,1926.0,1h,100000,Clyde Bruckman,0.0,8.1
56. Тропы славы,8.4,1957.0,1h,217000,Stanley Kubrick,90.0,8.4
57. Мост через реку Квай,8.1,1957.0,2h,236000,David Lean,88.0,8.1
58. Управляющий Сансё,8.4,1954.0,2h,19000,Kenji Mizoguchi,96.0,8.4
59. Сокровища Сьерра Мадре,8.2,1948.0,2h,134000,John Huston,98.0,8.2
60. Барри Линдон,8.1,1975.0,3h,187000,Stanley Kubrick,89.0,8.1
61. Сладкая жизнь,8.0,1960.0,2h,79000,Federico Fellini,95.0,8.0
62. Харакири,8.6,1962.0,2h,72000,Masaki Kobayashi,85.0,8.6
63. Персона,8.1,1966.0,1h,133000,Ingmar Bergman,86.0,8.1
64. Поздняя весна,8.2,1949.0,1h,20000,Yasujirô Ozu,93.0,8.2
65. Красные башмачки,8.1,1948.0,2h,40000,Michael Powell,0.0,8.1
66. Энни Холл,8.0,1977.0,1h,281000,Woody Allen,92.0,8.0
67. Славные парни,8.7,1990.0,2h,3000000,Martin Scorsese,92.0,8.700000000000001
68. Звёздные войны: Эпизод 5 - Империя наносит ответный удар,8.7,1980.0,2h,4000000,Irvin Kershner,82.0,8.700000000000001
69. Китайский квартал,8.1,1974.0,2h,356000,Roman Polanski,92.0,8.1
70. Чeтыреста ударов,8.1,1959.0,1h,129000,François Truffaut,0.0,8.1
71. Фанни и Александр,8.1,1982.0,3h,68000,Ingmar Bergman,100.0,8.1
72. Великая иллюзия,8.1,1937.0,1h,39000,Jean Renoir,0.0,8.1
73. Удел человеческий 3,8.8,1961.0,3h,6000,Masaki Kobayashi,0.0,8.800000000000002
74. Седьмая печать,8.1,1957.0,1h,202000,Ingmar Bergman,88.0,8.1
75. Ночь охотника,8.0,1955.0,1h,100000,Charles Laughton,97.0,8.0
76. Дурная слава,7.9,1946.0,1h,109000,Alfred Hitchcock,100.0,7.9
77. Печать зла,8.0,1958.0,1h,111000,Orson Welles,99.0,8.0
78. Телохранитель,8.2,1961.0,1h,134000,Akira Kurosawa,93.0,8.2
79. Армия теней,8.1,1969.0,2h,27000,Jean-Pierre Melville,99.0,8.1
80. Шоа,8.7,1985.0,9h,11000,Claude Lanzmann,99.0,8.700000000000001
81. Мальтийский сокол,7.9,1941.0,1h,168000,John Huston,97.0,7.9
82. Женщина в песках,8.5,1964.0,2h,23000,Hiroshi Teshigahara,0.0,8.5
83. Андрей Рублёв,8.0,1966.0,3h,58000,Andrei Tarkovsky,0.0,8.0
84. Золотая лихорадка,8.1,1925.0,1h,120000,Charles Chaplin,0.0,8.1
85. Бешеный бык,8.1,1980.0,2h,386000,Martin Scorsese,90.0,8.1
86. Леопард,7.9,1963.0,3h,30000,Luchino Visconti,100.0,7.9
87. Бильярдист,7.9,1961.0,2h,88000,Robert Rossen,90.0,7.9
88. Чужой,8.5,1979.0,1h,982000,Ridley Scott,89.0,8.5
89. Охотник на оленей,8.1,1978.0,3h,367000,Michael Cimino,90.0,8.1
90. Земляничная поляна,8.1,1957.0,1h,117000,Ingmar Bergman,88.0,8.1
91. Плата за страх,8.1,1953.0,2h,68000,Henri-Georges Clouzot,85.0,8.1
92. Как зелена была моя долина,7.7,1941.0,1h,27000,John Ford,88.0,7.7
93. Виридиана,8.1,1961.0,1h,26000,Luis Buñuel,0.0,8.1
94. Время развлечений,7.8,1967.0,2h,27000,Jacques Tati,99.0,7.8
95. Собачий полдень,8.0,1975.0,2h,277000,Sidney Lumet,86.0,8.0
96. Иди и смотри,8.4,1985.0,2h,102000,Elem Klimov,0.0,8.4
97. Летят журавли,8.3,1957.0,1h,20000,Mikhail Kalatozov,0.0,8.3
98. Дзета,8.1,1969.0,2h,32000,Costa-Gavras,86.0,8.1
99. Побег из Шоушенка,9.3,1994.0,2h,9000000,Frank Darabont,82.0,9.300000000000004
100. Наполеон,8.2,1927.0,5h,9000,Abel Gance,0.0,8.2
101. Ночи Кабирии,8.1,1957.0,1h,53000,Federico Fellini,0.0,8.1
102. Вудсток,8.1,1970.0,3h,19000,Michael Wadleigh,95.0,8.1
103. Телесеть,8.1,1976.0,2h,174000,Sidney Lumet,83.0,8.1
"104. Приговоренный к смерти бежал, или Дух веет, где хочет",8.2,1956.0,1h,26000,Robert Bresson,0.0,8.2
105. Вестсайдская история,7.6,1961.0,2h,122000,Jerome Robbins,86.0,7.599999999999999
106. Быть или не быть,8.1,1942.0,1h,44000,Ernst Lubitsch,86.0,8.1
107. Ран,8.2,1985.0,2h,139000,Akira Kurosawa,97.0,8.2
108. Молчание ягнят,8.6,1991.0,1h,6000000,Jonathan Demme,86.0,8.6
109. Дикая банда,7.9,1969.0,2h,91000,Sam Peckinpah,98.0,7.9
110. Амадей,8.4,1984.0,2h,435000,Milos Forman,87.0,8.4
111. Нэшвилл,7.6,1975.0,2h,29000,Robert Altman,96.0,7.599999999999999
112. Жизнь и смерть полковника Блимпа,8.0,1943.0,2h,17000,Michael Powell,93.0,8.0
113. Лестница в небо,8.0,1946.0,1h,26000,Michael Powell,0.0,8.0
114. Слово,8.2,1955.0,2h,18000,Carl Theodor Dreyer,0.0,8.2
115. Афера,8.3,1973.0,2h,283000,George Roy Hill,83.0,8.3
116. Заводной апельсин,8.2,1971.0,2h,893000,Stanley Kubrick,77.0,8.2
117. Филадельфийская история,7.9,1940.0,1h,75000,George Cukor,96.0,7.9
118. Индиана Джонс: В поисках утраченного ковчега,8.4,1981.0,1h,1000000,Steven Spielberg,86.0,8.4
"119. Человек, который застрелил Либерти Вэланса",8.1,1962.0,2h,84000,John Ford,94.0,8.1
120. Сладкий запах успеха,8.0,1957.0,1h,36000,Alexander Mackendrick,100.0,8.0
121. Челюсти,8.1,1975.0,2h,675000,Steven Spielberg,87.0,8.1
122. Однажды на Диком Западе,8.5,1968.0,2h,354000,Sergio Leone,82.0,8.5
123. Убить пересмешника,8.3,1962.0,2h,337000,Robert Mulligan,88.0,8.3
124. Полуночный ковбой,7.8,1969.0,1h,123000,John Schlesinger,79.0,7.8
125. Искатели,7.8,1956.0,1h,98000,John Ford,94.0,7.8
126. Невеста Франкенштейна,7.8,1935.0,1h,54000,James Whale,95.0,7.8
127. Женщина не в себе,8.0,1974.0,2h,30000,John Cassavetes,88.0,8.0
128. Сказки туманной луны после дождя,8.1,1953.0,1h,26000,Kenji Mizoguchi,0.0,8.1
129. Рио Браво,8.0,1959.0,2h,69000,Howard Hawks,93.0,8.0
130. Уступи место завтрашнему дню,8.2,1937.0,1h,8000,Leo McCarey,0.0,8.2
131. Мир Апу,8.4,1959.0,1h,17000,Satyajit Ray,0.0,8.4
"132. Наудачу, Бальтазар",7.7,1966.0,1h,23000,Robert Bresson,98.0,7.7
133. Песнь дороги,8.2,1955.0,2h,39000,Satyajit Ray,0.0,8.2
134. Дилижанс,7.8,1939.0,1h,55000,John Ford,93.0,7.8
135. Умберто Д.,8.2,1952.0,1h,29000,Vittorio De Sica,92.0,8.2
136. Криминальное чтиво,8.9,1994.0,2h,3000000,Quentin Tarantino,95.0,8.900000000000002
137. Аталанта,7.7,1934.0,1h,18000,Jean Vigo,0.0,7.7
138. Анатомия убийства,8.0,1959.0,2h,73000,Otto Preminger,95.0,8.0
139. Выпускник,8.0,1967.0,1h,292000,Mike Nichols,83.0,8.0
140. Воспитание крошки,7.8,1938.0,1h,67000,Howard Hawks,91.0,7.8
141. Магазинчик за углом,8.0,1940.0,1h,39000,Ernst Lubitsch,96.0,8.0
142. Утиный суп,7.7,1933.0,1h,63000,Leo McCarey,93.0,7.7
143. Разговор,7.7,1974.0,1h,124000,Francis Ford Coppola,88.0,7.7
144. Сияние,8.4,1980.0,2h,1000000,Stanley Kubrick,68.0,8.4
145. Трамвай «Желание»,7.9,1951.0,2h,116000,Elia Kazan,97.0,7.9
146. Алчность,8.0,1924.0,2h,11000,Erich von Stroheim,0.0,8.0
147. Дни жатвы,7.7,1978.0,1h,64000,Terrence Malick,94.0,7.7
"148. Рим, открытый город",8.0,1945.0,1h,30000,Roberto Rossellini,0.0,8.0
149. Французский связной,7.7,1971.0,1h,138000,William Friedkin,94.0,7.7
150. Кинг Конг,7.9,1933.0,1h,92000,Merian C. Cooper,92.0,7.9
151. Удел человеческий,8.5,1959.0,3h,7000,Masaki Kobayashi,0.0,8.5
152. Неприятности в раю,7.9,1932.0,1h,16000,Ernst Lubitsch,0.0,7.9
153. Сталкер,8.0,1979.0,2h,147000,Andrei Tarkovsky,85.0,8.0
154. Ребекка,8.1,1940.0,2h,149000,Alfred Hitchcock,86.0,8.1
"155. Жанна Дильман, набережная коммерции 23, Брюссель 1080",7.5,1975.0,3h,15000,Chantal Akerman,94.0,7.499999999999999
156. Непрощенный,8.2,1992.0,2h,442000,Clint Eastwood,85.0,8.2
157. Тонкий человек,7.9,1934.0,1h,33000,W.S. Van Dyke,86.0,7.9
158. Леди Ева,7.7,1941.0,1h,24000,Preston Sturges,96.0,7.7
159. Рокко и его братья,8.2,1960.0,2h,22000,Luchino Visconti,84.0,8.2
160. Дорога,8.0,1954.0,1h,67000,Federico Fellini,0.0,8.0
161. Война и мир,8.3,1965.0,6h,5000,Sergey Bondarchuk,0.0,8.3
162. Вкус сайры,8.0,1962.0,1h,11000,Yasujirô Ozu,91.0,8.0
163. Шепоты и крики,7.9,1972.0,1h,38000,Ingmar Bergman,0.0,7.9
164. Бен-Гур,8.1,1959.0,3h,257000,William Wyler,90.0,8.1
165. Рокки,8.1,1976.0,2h,640000,John G. Avildsen,70.0,8.1
166. Монти Пайтон и священный Грааль,8.2,1975.0,1h,577000,Terry Gilliam,91.0,8.2
167. Леди исчезает,7.7,1938.0,1h,58000,Alfred Hitchcock,98.0,7.7
168. Звуки музыки,8.1,1965.0,2h,266000,Robert Wise,63.0,8.1
169. Красная борода,8.3,1965.0,3h,22000,Akira Kurosawa,90.0,8.3
170. Солярис,7.9,1972.0,2h,100000,Andrei Tarkovsky,93.0,7.9
171. Красавица и чудовище,7.9,1946.0,1h,28000,Jean Cocteau,92.0,7.9
172. Бегущий по лезвию,8.1,1982.0,1h,835000,Ridley Scott,84.0,8.1
173. Зеркало,7.9,1975.0,1h,53000,Andrei Tarkovsky,82.0,7.9
174. Последний киносеанс,8.0,1971.0,1h,53000,Peter Bogdanovich,93.0,8.0
175. Дыра,8.5,1960.0,2h,21000,Jacques Becker,0.0,8.5
176. Последний человек,8.0,1924.0,1h,15000,F.W. Murnau,0.0,8.0
177. Самурай,8.0,1967.0,1h,60000,Jean-Pierre Melville,90.0,8.0
178. Малыш,8.2,1921.0,1h,137000,Charles Chaplin,0.0,8.2
179. Клео от 5 до 7,7.8,1962.0,1h,28000,Agnès Varda,87.0,7.8
180. Ребенок Розмари,8.0,1968.0,2h,240000,Roman Polanski,96.0,8.0
181. Забытые,8.2,1950.0,1h,22000,Luis Buñuel,0.0,8.2
182. Свидетель обвинения,8.4,1957.0,1h,141000,Billy Wilder,76.0,8.4
183. Хладнокровный Люк,8.1,1967.0,2h,191000,Stuart Rosenberg,92.0,8.1
184. Моя прекрасная леди,7.7,1964.0,2h,103000,George Cukor,95.0,7.7
"185. Париж, Техас",8.1,1984.0,2h,124000,Wim Wenders,81.0,8.1
186. Цирк,8.1,1928.0,1h,37000,Charles Chaplin,90.0,8.1
187. Властелин колец: Возвращение короля,9.0,2003.0,3h,2000000,Peter Jackson,94.0,9.000000000000002
188. Фантазия,7.7,1940.0,2h,105000,James Algar,96.0,7.7
189. Восхождение,8.2,1977.0,1h,10000,Larisa Shepitko,0.0,8.2
190. Цилиндр,7.7,1935.0,1h,21000,Mark Sandrich,93.0,7.7
191. В прошлом году в Мариенбаде,7.6,1961.0,1h,25000,Alain Resnais,0.0,7.599999999999999
192. Ночь,7.9,1961.0,2h,25000,Michelangelo Antonioni,0.0,7.9
193. Шербурские зонтики,7.8,1964.0,1h,32000,Jacques Demy,86.0,7.8
194. Кабинет доктора Калигари,8.0,1920.0,1h,71000,Robert Wiene,0.0,8.0
195. Кто боится Вирджинии Вульф?,8.0,1966.0,2h,81000,Mike Nichols,75.0,8.0
196. Сквозь тёмное стекло,7.9,1961.0,1h,28000,Ingmar Bergman,84.0,7.9
197. Великолепие Амберсонов,7.6,1942.0,1h,27000,Orson Welles,93.0,7.599999999999999
198. Паттон,7.9,1970.0,2h,109000,Franklin J. Schaffner,86.0,7.9
199. Мужские разборки,8.1,1955.0,1h,37000,Jules Dassin,97.0,8.1
200. Вся президентская рать,7.9,1976.0,2h,128000,Alan J. Pakula,84.0,7.9
201. Конформист,7.9,1970.0,1h,34000,Bernardo Bertolucci,100.0,7.9
202. Крупный план,8.2,1990.0,1h,24000,Abbas Kiarostami,92.0,8.2
203. Ужасная правда,7.7,1937.0,1h,22000,Leo McCarey,87.0,7.7
204. Фауст,8.1,1926.0,1h,17000,F.W. Murnau,0.0,8.1
205. Инопланетянин,7.9,1982.0,1h,444000,Steven Spielberg,92.0,7.9
206. Удел человеческий 2,8.5,1959.0,3h,7000,Masaki Kobayashi,0.0,8.5
207. Приключение,7.7,1960.0,2h,33000,Michelangelo Antonioni,0.0,7.7
208. Из прошлого,8.0,1947.0,1h,42000,Jacques Tourneur,85.0,8.0
209. С собой не унесешь,7.8,1938.0,2h,28000,Frank Capra,0.0,7.8
210. Назад в будущее,8.5,1985.0,1h,3000000,Robert Zemeckis,87.0,8.5
211. Непокоренный,8.2,1956.0,1h,16000,Satyajit Ray,0.0,8.2
212. Могила светлячков,8.5,1988.0,1h,322000,Isao Takahata,94.0,8.5
213. На последнем дыхании,7.7,1960.0,1h,89000,Jean-Luc Godard,0.0,7.7
214. Буч Кэссиди и Сандэнс Кид,8.0,1969.0,1h,229000,George Roy Hill,66.0,8.0
215. Глубокий сон,7.9,1946.0,1h,92000,Howard Hawks,86.0,7.9
216. Делай как надо,8.0,1989.0,2h,115000,Spike Lee,93.0,8.0
217. Американская ночь,8.0,1973.0,1h,25000,François Truffaut,0.0,8.0
218. Тень сомнения,7.8,1943.0,1h,72000,Alfred Hitchcock,94.0,7.8
219. Унесённые призраками,8.6,2001.0,2h,872000,Hayao Miyazaki,96.0,8.6
220. Я - Куба,8.2,1964.0,2h,11000,Mikhail Kalatozov,91.0,8.2
221. Толпа,8.1,1928.0,1h,4000,King Vidor,0.0,8.1
222. Жюль и Джим,7.7,1962.0,1h,45000,François Truffaut,97.0,7.7
223. Яркий летний день,8.2,1991.0,3h,13000,Edward Yang,91.0,8.2
224. Властелин колец: Братство кольца,8.9,2001.0,2h,2000000,Peter Jackson,92.0,8.900000000000002
225. Человек-Слон,8.2,1980.0,2h,262000,David Lynch,78.0,8.2
226. Восставшие,8.3,1967.0,2h,14000,Masaki Kobayashi,90.0,8.3
227. Ангел-истребитель,8.0,1962.0,1h,36000,Luis Buñuel,0.0,8.0
228. Мистер Смит едет в Вашингтон,8.1,1939.0,2h,123000,Frank Capra,73.0,8.1
229. Весь этот джаз,7.8,1979.0,2h,36000,Bob Fosse,72.0,7.8
230. Моя дорогая Клементина,7.7,1946.0,1h,26000,John Ford,0.0,7.7
231. Дерсу Узала,8.2,1975.0,2h,34000,Akira Kurosawa,0.0,8.2
232. Взвод,8.1,1986.0,2h,446000,Oliver Stone,92.0,8.1
233. Незнакомцы в поезде,7.9,1951.0,1h,143000,Alfred Hitchcock,88.0,7.9
234. Три цвета: Красный,8.1,1994.0,1h,112000,Krzysztof Kieslowski,100.0,8.1
235. Марти,7.7,1955.0,1h,28000,Delbert Mann,82.0,7.7
236. Кабаре,7.8,1972.0,2h,60000,Bob Fosse,80.0,7.8
237. Скромное обаяние буржуазии,7.8,1972.0,1h,48000,Luis Buñuel,93.0,7.8
238. Белоснежка и семь гномов,7.6,1937.0,1h,219000,William Cottrell,96.0,7.599999999999999
239. Амаркорд,7.8,1973.0,2h,47000,Federico Fellini,0.0,7.8
240. Трон в крови,8.0,1957.0,1h,57000,Akira Kurosawa,0.0,8.0
241. Потерянный уик-энд,7.9,1945.0,1h,41000,Billy Wilder,0.0,7.9
242. Отныне и во веки веков,7.6,1953.0,1h,52000,Fred Zinnemann,85.0,7.599999999999999
243. Обет,8.3,1962.0,1h,1000,Anselmo Duarte,0.0,8.3
244. Чёрный нарцисс,7.7,1947.0,1h,28000,Michael Powell,86.0,7.7
245. Жизнь куртизанки Охару,8.1,1952.0,2h,8000,Kenji Mizoguchi,0.0,8.1
246. Мятеж на Баунти,7.6,1935.0,2h,25000,Frank Lloyd,87.0,7.599999999999999
247. Римские каникулы,8.0,1953.0,1h,150000,William Wyler,78.0,8.0
248. День гнева,8.1,1943.0,1h,11000,Carl Theodor Dreyer,0.0,8.1
249. Его девушка Пятница,7.8,1940.0,1h,64000,Howard Hawks,0.0,7.8
250. Добрые сердца и короны,8.0,1949.0,1h,40000,Robert Hamer,0.0,8.0
251. Один и два,8.1,2000.0,2h,29000,Edward Yang,94.0,8.1
252. Полуночная жара,7.9,1967.0,1h,85000,Norman Jewison,76.0,7.9
253. Миссис Минивер,7.6,1942.0,2h,20000,William Wyler,0.0,7.599999999999999
"254. Носферату, симфония ужаса",7.9,1922.0,1h,108000,F.W. Murnau,0.0,7.9
255. Красная река,7.8,1948.0,2h,35000,Howard Hawks,96.0,7.8
256. Подводная лодка,8.4,1981.0,2h,268000,Wolfgang Petersen,85.0,8.4
257. Шуша,8.0,1946.0,1h,3000,Vittorio De Sica,0.0,8.0
258. Изгоняющий дьявола,8.1,1973.0,2h,464000,William Friedkin,83.0,8.1
259. Большой побег,8.2,1963.0,2h,262000,John Sturges,86.0,8.2
260. Спасти рядового Райана,8.6,1998.0,2h,5000000,Steven Spielberg,91.0,8.6
261. Ровно в полдень,7.9,1952.0,1h,112000,Fred Zinnemann,89.0,7.9
262. Магазин на площади,8.2,1965.0,2h,9000,Ján Kadár,0.0,8.2
"263. Хиросима, моя любовь",7.8,1959.0,1h,37000,Alain Resnais,0.0,7.8
264. Человек на все времена,7.7,1966.0,2h,38000,Fred Zinnemann,72.0,7.7
265. В случае убийства набирайте «М»,8.2,1954.0,1h,192000,Alfred Hitchcock,75.0,8.2
266. Пустоши,7.7,1973.0,1h,80000,Terrence Malick,93.0,7.7
267. Обыкновенные люди,7.7,1980.0,2h,58000,Robert Redford,86.0,7.7
268. Случай в Окс-Боу,8.0,1942.0,1h,25000,William A. Wellman,0.0,8.0
269. Полуночные колокола,7.6,1965.0,1h,10000,Orson Welles,94.0,7.599999999999999
270. Тайны и ложь,8.0,1996.0,2h,48000,Mike Leigh,92.0,8.0
271. Только у ангелов есть крылья,7.6,1939.0,2h,16000,Howard Hawks,86.0,7.599999999999999
272. Невинные,7.7,1961.0,1h,34000,Jack Clayton,88.0,7.7
273. Наследница,8.1,1949.0,1h,18000,William Wyler,0.0,8.1
274. Баскетбольные мечты,8.3,1994.0,2h,28000,Steve James,98.0,8.3
275. Пятая печать,8.5,1976.0,1h,2000,Zoltán Fábri,0.0,8.5
276. Фотоувеличение,7.4,1966.0,1h,69000,Michelangelo Antonioni,82.0,7.3999999999999995
277. Убийство,7.9,1956.0,1h,100000,Stanley Kubrick,91.0,7.9
278. МакКейб и миссис Миллер,7.6,1971.0,2h,28000,Robert Altman,93.0,7.599999999999999
279. Крамер против Крамера,7.8,1979.0,1h,157000,Robert Benton,77.0,7.8
"280. Родиться-то я родился, но...",7.9,1932.0,1h,3000,Yasujirô Ozu,91.0,7.9
"281. Агирре, гнев божий",7.8,1972.0,1h,63000,Werner Herzog,0.0,7.8
282. Странствия Салливана,7.9,1941.0,1h,29000,Preston Sturges,89.0,7.9
283. Форрест Гамп,8.8,1994.0,2h,3000000,Robert Zemeckis,82.0,8.800000000000002
284. Мадам де...,7.9,1953.0,1h,11000,Max Ophüls,0.0,7.9
285. Слуга,7.8,1963.0,1h,14000,Joseph Losey,94.0,7.8
286. Лора,7.9,1944.0,1h,52000,Otto Preminger,0.0,7.9
287. Раннее лето,8.1,1951.0,2h,9000,Yasujirô Ozu,94.0,8.1
288. Нетерпимость,7.7,1916.0,2h,17000,D.W. Griffith,99.0,7.7
289. Ганди,8.0,1982.0,3h,242000,Richard Attenborough,79.0,8.0
290. Кагемуся: Тень воина,7.9,1980.0,3h,39000,Akira Kurosawa,84.0,7.9
291. Тихий человек,7.7,1952.0,2h,43000,John Ford,85.0,7.7
292. В укромном месте,7.9,1950.0,1h,36000,Nicholas Ray,0.0,7.9
293. Нибелунги: Зигфрид,8.1,1924.0,2h,7000,Fritz Lang,0.0,8.1
294. Милдред Пирс,7.9,1945.0,1h,29000,Michael Curtiz,88.0,7.9
295. Встреть меня в Сент-Луисе,7.5,1944.0,1h,28000,Vincente Minnelli,94.0,7.499999999999999
296. Кес,7.9,1969.0,1h,23000,Ken Loach,0.0,7.9
"297. Округ Харлан, США",8.2,1976.0,1h,8000,Barbara Kopple,80.0,8.2
298. Иваново детство,8.0,1962.0,1h,41000,Andrei Tarkovsky,0.0,8.0
299. Страх съедает душу,8.0,1974.0,1h,24000,Rainer Werner Fassbinder,0.0,8.0
300. Белая горячка,8.1,1949.0,1h,36000,Raoul Walsh,89.0,8.1
301. Подними красный фонарь,8.1,1991.0,2h,36000,Yimou Zhang,0.0,8.1
302. Я - беглый каторжник,8.2,1932.0,1h,15000,Mervyn LeRoy,0.0,8.2
303. The Beatles: Вечер трудного дня,7.5,1964.0,1h,49000,Richard Lester,96.0,7.499999999999999
304. Красный круг,7.9,1970.0,2h,29000,Jean-Pierre Melville,92.0,7.9
305. Дух улья,7.8,1973.0,1h,21000,Víctor Erice,87.0,7.8
306. Шейн,7.6,1953.0,1h,45000,George Stevens,85.0,7.599999999999999
307. Новый кинотеатр «Парадизо»,8.5,1988.0,2h,288000,Giuseppe Tornatore,80.0,8.5
308. Мамочка и шлюха,7.7,1973.0,3h,9000,Jean Eustache,89.0,7.7
309. Сцены из супружеской жизни,8.3,1974.0,2h,9000,Ingmar Bergman,0.0,8.3
310. Девичий источник,8.0,1960.0,1h,32000,Ingmar Bergman,0.0,8.0
311. Нюрнбергский процесс,8.3,1961.0,2h,87000,Stanley Kramer,60.0,8.3
312. Пианист,8.5,2002.0,2h,932000,Roman Polanski,85.0,8.5
313. Гамлет,7.6,1948.0,2h,19000,Laurence Olivier,82.0,7.599999999999999
314. Дерево для башмаков,7.8,1978.0,3h,7000,Ermanno Olmi,0.0,7.8
315. Иметь и не иметь,7.8,1944.0,1h,39000,Howard Hawks,90.0,7.8
"316. Прощай, моя наложница",8.1,1993.0,2h,34000,Kaige Chen,84.0,8.1
317. Мой дядюшка,7.7,1958.0,1h,25000,Jacques Tati,84.0,7.7
318. Следствие по делу гражданина вне всяких подозрений,8.0,1970.0,1h,14000,Elio Petri,89.0,8.0
319. Бедные-несчастные,7.8,2023.0,2h,303000,Yorgos Lanthimos,88.0,7.8
320. Ветер,8.0,1928.0,1h,3000,Victor Sjöström,0.0,8.0
321. Орфей,7.9,1950.0,1h,14000,Jean Cocteau,0.0,7.9
322. Туз в рукаве,8.1,1951.0,1h,40000,Billy Wilder,72.0,8.1
323. Париж горит,8.2,1990.0,1h,18000,Jennie Livingston,82.0,8.2
324. Эдвард Мунк,8.1,1974.0,3h,4000,Peter Watkins,0.0,8.1
325. Барака,8.5,1992.0,1h,41000,Ron Fricke,0.0,8.5
326. Франкенштейн,7.8,1931.0,1h,81000,James Whale,91.0,7.8
327. Уродцы,7.8,1932.0,1h,51000,Tod Browning,80.0,7.8
328. Ящик Пандоры,7.7,1929.0,1h,12000,Georg Wilhelm Pabst,0.0,7.7
329. Ночь у Мод,7.8,1969.0,1h,15000,Éric Rohmer,0.0,7.8
330. Американец в Париже,7.1,1951.0,1h,37000,Vincente Minnelli,83.0,7.099999999999999
331. Необычный день,8.1,1977.0,1h,16000,Ettore Scola,0.0,8.1
332. Хладнокровно,7.9,1967.0,2h,30000,Richard Brooks,89.0,7.9
333. Наконец в безопасности!,8.1,1923.0,1h,23000,Fred C. Newmeyer,0.0,8.1
334. Дневник сельского священника,7.7,1951.0,1h,13000,Robert Bresson,0.0,7.7
335. Мужчина и женщина,7.5,1966.0,1h,12000,Claude Lelouch,0.0,7.499999999999999
336. Любовное настроение,8.1,2000.0,1h,170000,Kar-Wai Wong,87.0,8.1
337. Долгое прощание,7.5,1973.0,1h,39000,Robert Altman,87.0,7.499999999999999
338. Терминатор 2: Судный день,8.6,1991.0,2h,2000000,James Cameron,75.0,8.6
339. Повесть о поздней хризантеме,7.8,1939.0,2h,5000,Kenji Mizoguchi,0.0,7.8
340. Жить своей жизнью,7.8,1962.0,1h,36000,Jean-Luc Godard,0.0,7.8
341. Огни рампы,8.0,1952.0,2h,23000,Charles Chaplin,84.0,8.0
342. Эмигранты,8.0,1971.0,3h,6000,Jan Troell,0.0,8.0
343. Имитация жизни,7.8,1959.0,2h,19000,Douglas Sirk,87.0,7.8
344. Спартак,7.9,1960.0,3h,145000,Stanley Kubrick,87.0,7.9
345. Фарго,8.1,1996.0,1h,737000,Joel Coen,88.0,8.1
346. Жажда,8.3,1957.0,2h,5000,Guru Dutt,0.0,8.3
347. Десять заповедей,7.9,1956.0,3h,79000,Cecil B. DeMille,0.0,7.9
348. Вакантное место,7.9,1961.0,1h,9000,Ermanno Olmi,0.0,7.9
349. Дневная красавица,7.6,1967.0,1h,50000,Luis Buñuel,0.0,7.599999999999999
350. Письмо незнакомки,7.9,1948.0,1h,14000,Max Ophüls,0.0,7.9
351. Ниночка,7.8,1939.0,1h,23000,Ernst Lubitsch,0.0,7.8
352. Мистер Дидс переезжает в город,7.8,1936.0,1h,24000,Frank Capra,0.0,7.8
353. Возмутительный класс,9.2,1975.0,1h,44000,Ertem Egilmez,0.0,9.200000000000001
354. Бонни и Клайд,7.7,1967.0,1h,122000,Arthur Penn,86.0,7.7
355. Близкие контакты третьей степени,7.6,1977.0,2h,221000,Steven Spielberg,90.0,7.599999999999999
356. Красота по-американски,8.3,1999.0,2h,2000000,Sam Mendes,84.0,8.3
357. Фицкарральдо,8.0,1982.0,2h,39000,Werner Herzog,0.0,8.0
358. 39 ступеней,7.6,1935.0,1h,62000,Alfred Hitchcock,93.0,7.599999999999999
"359. Крадущийся тигр, затаившийся дракон",7.9,2000.0,2h,284000,Ang Lee,94.0,7.9
360. Доброе утро!,7.8,1959.0,1h,11000,Yasujirô Ozu,87.0,7.8
361. Нечто,8.2,1982.0,1h,478000,John Carpenter,57.0,8.2
362. Последний вальс,8.1,1978.0,1h,21000,Martin Scorsese,84.0,8.1
363. Три цвета: Синий,7.8,1993.0,1h,112000,Krzysztof Kieslowski,87.0,7.8
364. Шанхайский экспресс,7.3,1932.0,1h,11000,Josef von Sternberg,83.0,7.299999999999999
365. Чарулота,8.1,1964.0,1h,4000,Satyajit Ray,0.0,8.1
366. Макарио,8.3,1960.0,1h,5000,Roberto Gavaldón,0.0,8.3
367. Театральный фургон,7.4,1953.0,1h,13000,Vincente Minnelli,93.0,7.3999999999999995
368. Прошлые жизни,7.8,2023.0,1h,132000,Celine Song,94.0,7.8
369. Мэри Поппинс,7.8,1964.0,2h,189000,Robert Stevenson,88.0,7.8
370. Пианино,7.5,1993.0,2h,96000,Jane Campion,89.0,7.499999999999999
371. Токийские сумерки,8.1,1957.0,2h,1000,Yasujirô Ozu,87.0,8.1
372. Профессия: Репортер,7.5,1975.0,2h,27000,Michelangelo Antonioni,90.0,7.499999999999999
373. Большой город,8.3,1963.0,2h,1000,Satyajit Ray,0.0,8.3
374. Большие надежды,7.8,1946.0,1h,27000,David Lean,90.0,7.8
375. Манхэттен,7.8,1979.0,1h,149000,Woody Allen,83.0,7.8
376. Иван Грозный,7.7,1944.0,1h,11000,Sergei Eisenstein,0.0,7.7
377. Газовый свет,7.8,1944.0,1h,35000,George Cukor,78.0,7.8
378. История игрушек,8.3,1995.0,1h,1000000,John Lasseter,96.0,8.3
379. Мой слуга Годфри,7.9,1936.0,1h,27000,Gregory La Cava,82.0,7.9
380. Зона интересов,7.4,2023.0,1h,112000,Jonathan Glazer,92.0,7.3999999999999995
381. Нефть,8.2,2007.0,2h,651000,Paul Thomas Anderson,93.0,8.2
382. Приключения Робин Гуда,7.9,1938.0,1h,55000,Michael Curtiz,97.0,7.9
383. Карманник,7.6,1959.0,1h,26000,Robert Bresson,0.0,7.599999999999999
384. Лицо со шрамом,7.7,1932.0,1h,31000,Howard Hawks,90.0,7.7
385. Кошка на раскаленной крыше,7.9,1958.0,1h,54000,Richard Brooks,84.0,7.9
386. Ненависть,8.1,1995.0,1h,202000,Mathieu Kassovitz,0.0,8.1
387. Дверь на сцену,7.7,1937.0,1h,1000,Gregory La Cava,0.0,7.7
388. Трое негодяев в скрытой крепости,8.1,1958.0,2h,43000,Akira Kurosawa,89.0,8.1
389. Похоронная процессия роз,7.7,1969.0,1h,5000,Toshio Matsumoto,0.0,7.7
390. Голубой ангел,7.7,1930.0,1h,17000,Josef von Sternberg,90.0,7.7
391. Ханна и её сестры,7.8,1986.0,1h,78000,Woody Allen,90.0,7.8
392. Селина и Жюли совсем заврались,7.2,1974.0,3h,5000,Jacques Rivette,100.0,7.199999999999999
393. Ночь живых мертвецов,7.8,1968.0,1h,141000,George A. Romero,89.0,7.8
394. Подглядывающий,7.6,1960.0,1h,40000,Michael Powell,0.0,7.599999999999999
395. Секреты Лос-Анджелеса,8.2,1997.0,2h,626000,Curtis Hanson,91.0,8.2
396. Место под солнцем,7.7,1951.0,2h,25000,George Stevens,76.0,7.7
397. Уходя в отрыв,7.7,1979.0,1h,26000,Peter Yates,91.0,7.7
398. Чужие,8.4,1986.0,2h,785000,James Cameron,84.0,8.4
399. Гармонии Веркмейстера,8.0,2000.0,2h,16000,Béla Tarr,93.0,8.0
400. Общество мёртвых поэтов,8.1,1989.0,2h,562000,Peter Weir,79.0,8.1
401. Город Бога,8.6,2002.0,2h,814000,Fernando Meirelles,79.0,8.6
402. Старикам тут не место,8.2,2007.0,2h,1000000,Ethan Coen,92.0,8.2
403. Пиноккио,7.5,1940.0,1h,163000,Norman Ferguson,99.0,7.499999999999999
404. А теперь не смотри,7.1,1973.0,1h,64000,Nicolas Roeg,95.0,7.099999999999999
405. Баллада о солдате,8.2,1959.0,1h,12000,Grigoriy Chukhray,0.0,8.2
406. Однажды в Америке,8.3,1984.0,3h,384000,Sergio Leone,75.0,8.3
407. На несколько долларов больше,8.2,1965.0,2h,280000,Sergio Leone,74.0,8.2
408. Джонни-гитара,7.6,1954.0,1h,20000,Nicholas Ray,83.0,7.599999999999999
409. Музыкальная комната,7.9,1958.0,1h,9000,Satyajit Ray,0.0,7.9
410. Евангелие от Матфея,7.6,1964.0,2h,14000,Pier Paolo Pasolini,0.0,7.599999999999999
411. Будучи там,7.9,1979.0,2h,79000,Hal Ashby,83.0,7.9
412. Это - Spinal Tap,7.9,1984.0,1h,149000,Rob Reiner,92.0,7.9
413. Птицы,7.6,1963.0,1h,208000,Alfred Hitchcock,90.0,7.599999999999999
414. Сильная жара,7.9,1953.0,1h,30000,Fritz Lang,0.0,7.9
415. Доктор Живаго,7.9,1965.0,3h,83000,David Lean,69.0,7.9
416. Крамб,8.0,1994.0,1h,22000,Terry Zwigoff,93.0,8.0
417. Иностранный корреспондент,7.4,1940.0,2h,24000,Alfred Hitchcock,89.0,7.3999999999999995
418. Единственный сын,7.7,1936.0,1h,1000,Yasujirô Ozu,0.0,7.7
419. Одуванчик,7.9,1985.0,1h,23000,Jûzô Itami,87.0,7.9
420. Что случилось с Бэби Джейн?,8.0,1962.0,2h,63000,Robert Aldrich,75.0,8.0
421. Черный Орфей,7.4,1959.0,1h,12000,Marcel Camus,81.0,7.3999999999999995
422. Сжигатель трупов,8.0,1969.0,1h,11000,Juraj Herz,0.0,8.0
423. Комедианты,7.9,1975.0,3h,4000,Theodoros Angelopoulos,0.0,7.9
424. Распутная императрица,7.5,1934.0,1h,3000,Josef von Sternberg,0.0,7.499999999999999
425. Забойщик овец,7.2,1978.0,1h,7000,Charles Burnett,96.0,7.199999999999999
426. Маленькие лисички,7.9,1941.0,1h,13000,William Wyler,0.0,7.9
427. Развод Надера и Симин,8.3,2011.0,2h,262000,Asghar Farhadi,95.0,8.3
428. Король Лев,8.5,1994.0,1h,2000000,Roger Allers,88.0,8.5
429. Бунтарь без причины,7.6,1955.0,1h,99000,Nicholas Ray,89.0,7.599999999999999
430. Бешеные псы,8.3,1992.0,1h,1000000,Quentin Tarantino,81.0,8.3
431. Бумажная луна,8.1,1973.0,1h,53000,Peter Bogdanovich,77.0,8.1
432. Молодой мистер Линкольн,7.5,1939.0,1h,3000,John Ford,91.0,7.499999999999999
"433. До свидания, дети",8.0,1987.0,1h,37000,Louis Malle,88.0,8.0
434. Асфальтовые джунгли,7.8,1950.0,1h,31000,John Huston,85.0,7.8
435. Нибелунги: Месть Кримхильды,7.9,1924.0,2h,1000,Fritz Lang,0.0,7.9
436. Мой сосед Тоторо,8.1,1988.0,1h,391000,Hayao Miyazaki,87.0,8.1
437. Пишоте: Закон самого слабого,7.9,1980.0,2h,5000,Hector Babenco,0.0,7.9
438. Любовь,7.9,2012.0,2h,107000,Michael Haneke,95.0,7.9
439. Лагерь для военнопленных No17,8.0,1953.0,2h,59000,Billy Wilder,84.0,8.0
440. Пепе ле Моко,7.7,1937.0,1h,2000,Julien Duvivier,98.0,7.7
441. Запрещённые игры,8.0,1952.0,1h,13000,René Clément,0.0,8.0
442. Американские граффити,7.4,1973.0,1h,100000,George Lucas,97.0,7.3999999999999995
443. Во имя отца,8.1,1993.0,2h,190000,Jim Sheridan,84.0,8.1
444. Бразилия,7.8,1985.0,2h,213000,Terry Gilliam,84.0,7.8
445. Земляк,7.6,1946.0,2h,8000,Roberto Rossellini,0.0,7.599999999999999
446. О мышах и людях,7.8,1939.0,1h,7000,Lewis Milestone,89.0,7.8
447. Анатомия падения,7.7,2023.0,2h,151000,Justine Triet,86.0,7.7
448. Отступники,8.5,2006.0,2h,4000000,Martin Scorsese,85.0,8.5
449. Кояанискатси,8.2,1982.0,1h,42000,Godfrey Reggio,72.0,8.2
450. Серые сады,7.5,1975.0,1h,16000,Ellen Hovde,83.0,7.499999999999999
451. Пепел и алмаз,7.7,1958.0,1h,14000,Andrzej Wajda,0.0,7.7
452. Отважные капитаны,7.9,1937.0,1h,11000,Victor Fleming,81.0,7.9
453. Печаль и жалость,8.1,1969.0,4h,2000,Marcel Ophüls,0.0,8.1
454. Фальшивка,7.7,1973.0,1h,19000,Orson Welles,87.0,7.7
455. Стрелок,7.7,1950.0,1h,13000,Henry King,94.0,7.7
456. Янки Дудл Денди,7.6,1942.0,2h,17000,Michael Curtiz,89.0,7.599999999999999
457. Король комедии,7.8,1982.0,1h,122000,Martin Scorsese,73.0,7.8
458. Бирманская арфа,8.0,1956.0,1h,6000,Kon Ichikawa,0.0,8.0
459. Путешествие в Италию,7.3,1954.0,1h,13000,Roberto Rossellini,100.0,7.299999999999999
460. Банда аутсайдеров,7.6,1964.0,1h,27000,Jean-Luc Godard,93.0,7.599999999999999
461. Молчание,7.7,1963.0,1h,22000,Ingmar Bergman,0.0,7.7
462. Чyдо на 34-й улице,7.9,1947.0,1h,55000,George Seaton,88.0,7.9
463. Затмение,7.7,1962.0,2h,23000,Michelangelo Antonioni,0.0,7.7
464. Сатанинское танго,8.2,1994.0,7h,13000,Béla Tarr,0.0,8.2
465. Поселенцы,8.0,1972.0,3h,4000,Jan Troell,0.0,8.0
466. Голдфингер,7.7,1964.0,1h,205000,Guy Hamilton,87.0,7.7
467. Змеиная яма,7.6,1948.0,1h,6000,Anatole Litvak,76.0,7.599999999999999
468. Изюминка на солнце,8.0,1961.0,2h,9000,Daniel Petrie,87.0,8.0
469. Малхолланд Драйв,7.9,2001.0,2h,390000,David Lynch,87.0,7.9
470. Танцующий с волками,8.0,1990.0,3h,296000,Kevin Costner,72.0,8.0
471. Законы улицы,8.2,1984.0,1h,1000,Martin Bell,0.0,8.2
472. Рагглз из Ред-Геп,7.6,1935.0,1h,6000,Leo McCarey,0.0,7.599999999999999
"473. Слова, написанные на ветру",7.3,1956.0,1h,14000,Douglas Sirk,86.0,7.299999999999999
474. Цвет граната,7.6,1969.0,1h,14000,Sergei Parajanov,0.0,7.599999999999999
475. Маркета Лазарова,7.9,1967.0,2h,2000,Frantisek Vlácil,0.0,7.9
476. Гранд Отель,7.3,1932.0,1h,21000,Edmund Goulding,79.0,7.299999999999999
477. Этот смутный объект желания,7.8,1977.0,1h,25000,Luis Buñuel,84.0,7.8
478. Плавучие травы,7.9,1959.0,1h,2000,Yasujirô Ozu,0.0,7.9
479. Жертва,7.7,1961.0,1h,5000,Basil Dearden,85.0,7.7
480. Лицо со шрамом,8.3,1983.0,2h,934000,Brian De Palma,65.0,8.3
481. Тутси,7.4,1982.0,1h,116000,Sydney Pollack,88.0,7.3999999999999995
482. Не смотри назад,7.9,1967.0,1h,10000,D.A. Pennebaker,84.0,7.9
483. Обход,7.6,1971.0,1h,28000,Nicolas Roeg,85.0,7.599999999999999
"484. Германия, год нулевой",7.8,1948.0,1h,14000,Roberto Rossellini,0.0,7.8
485. Чужое лицо,7.9,1966.0,2h,11000,Hiroshi Teshigahara,0.0,7.9
486. Продюсеры,7.5,1967.0,1h,61000,Mel Brooks,96.0,7.499999999999999
487. Семь,8.6,1995.0,2h,8000000,David Fincher,65.0,8.600000000000001
488. Лицо в толпе,8.2,1957.0,2h,18000,Elia Kazan,72.0,8.2
489. Без солнца,7.8,1983.0,1h,12000,Chris Marker,0.0,7.8
490. Когда женщина поднимается по лестнице,8.1,1960.0,1h,9000,Mikio Naruse,0.0,8.1
491. Двойная жизнь Вероники,7.7,1991.0,1h,54000,Krzysztof Kieslowski,86.0,7.7
492. Сядь за руль моей машины,7.5,2021.0,2h,69000,Ryûsuke Hamaguchi,91.0,7.499999999999999
493. Наше гостеприимство,7.8,1923.0,1h,13000,John G. Blystone,0.0,7.8
494. Приключения принца Ахмеда,7.8,1926.0,1h,7000,Lotte Reiniger,0.0,7.8
495. Вкус вишни,7.7,1997.0,1h,38000,Abbas Kiarostami,80.0,7.7
496. Жертвоприношение,7.9,1986.0,2h,32000,Andrei Tarkovsky,0.0,7.9
497. Пожнешь бурю,8.1,1960.0,2h,33000,Stanley Kramer,75.0,8.1
498. Лабиринт Фавна,8.2,2006.0,1h,711000,Guillermo del Toro,98.0,8.2
499. Мушетт,7.7,1967.0,1h,13000,Robert Bresson,0.0,7.7
500. Повесть Тикамацу,8.0,1954.0,1h,5000,Kenji Mizoguchi,0.0,8.0
501. Возница,8.0,1921.0,1h,14000,Victor Sjöström,0.0,8.0
502. Одиссея капитана Блада,7.7,1935.0,1h,16000,Michael Curtiz,89.0,7.7
503. Отважный самурай,8.0,1962.0,1h,42000,Akira Kurosawa,0.0,8.0
504. Техасская резня бензопилой,7.4,1974.0,1h,189000,Tobe Hooper,91.0,7.3999999999999995
505. Пять легких пьес,7.4,1970.0,1h,42000,Bob Rafelson,85.0,7.3999999999999995
506. Обгон,8.2,1962.0,1h,13000,Dino Risi,0.0,8.2
507. Выбывший из игры,7.6,1947.0,1h,12000,Carol Reed,87.0,7.599999999999999
508. Голова-ластик,7.3,1977.0,1h,130000,David Lynch,87.0,7.299999999999999
509. Всё о моей матери,7.8,1999.0,1h,104000,Pedro Almodóvar,87.0,7.8
510. Поезда под пристальным наблюдением,7.6,1966.0,1h,14000,Jirí Menzel,0.0,7.599999999999999
511. Большой парад,7.9,1925.0,2h,4000,King Vidor,0.0,7.9
512. Большая война,8.1,1959.0,2h,7000,Mario Monicelli,0.0,8.1
513. Харчевня Дракона,7.4,1967.0,1h,7000,King Hu,100.0,7.3999999999999995
514. Хэллоуин,7.7,1978.0,1h,312000,John Carpenter,90.0,7.7
515. Оставленные,7.9,2023.0,2h,165000,Alexander Payne,82.0,7.9
516. Синий бархат,7.7,1986.0,2h,220000,David Lynch,75.0,7.7
517. Умница Уилл Хантинг,8.3,1997.0,2h,1000000,Gus Van Sant,71.0,8.3
518. Безумный Пьеро,7.4,1965.0,1h,38000,Jean-Luc Godard,0.0,7.3999999999999995
519. Земля дрожит,7.8,1948.0,2h,7000,Luchino Visconti,0.0,7.8
520. Письмо трем женам,7.7,1949.0,1h,11000,Joseph L. Mankiewicz,0.0,7.7
521. Строшек,7.7,1977.0,1h,16000,Werner Herzog,0.0,7.7
522. Отвращение,7.6,1965.0,1h,58000,Roman Polanski,91.0,7.599999999999999
523. Замужество Марии Браун,7.7,1979.0,2h,15000,Rainer Werner Fassbinder,0.0,7.7
524. Герой,8.3,1966.0,1h,3000,Satyajit Ray,0.0,8.3
525. Презрение,7.4,1963.0,1h,37000,Jean-Luc Godard,0.0,7.3999999999999995
526. Чeловек-невидимка,7.6,1933.0,1h,41000,James Whale,87.0,7.599999999999999
527. Паразиты,8.5,2019.0,2h,995000,Bong Joon Ho,97.0,8.5
528. Счастье,7.6,1965.0,1h,10000,Agnès Varda,0.0,7.599999999999999
529. Небо над Берлином,7.9,1987.0,2h,79000,Wim Wenders,79.0,7.9
530. Маньчжурский кандидат,7.9,1962.0,2h,81000,John Frankenheimer,94.0,7.9
531. Дьяволицы,8.1,1955.0,1h,70000,Henri-Georges Clouzot,0.0,8.1
532. Месье Верду,7.8,1947.0,2h,19000,Charles Chaplin,0.0,7.8
533. Магнолия,8.0,1999.0,3h,332000,Paul Thomas Anderson,78.0,8.0
534. Звезда за темной тучей,7.8,1960.0,2h,3000,Ritwik Ghatak,0.0,7.8
535. Ностальгия,7.9,1983.0,2h,31000,Andrei Tarkovsky,74.0,7.9
536. Додсворт,7.7,1936.0,1h,10000,William Wyler,0.0,7.7
537. Чудо в Милане,7.6,1951.0,1h,7000,Vittorio De Sica,78.0,7.599999999999999
538. Гамлет,8.2,1964.0,2h,3000,Grigoriy Kozintsev,0.0,8.2
539. Тельма и Луиза,7.6,1991.0,2h,177000,Ridley Scott,89.0,7.599999999999999
540. Развод по-итальянски,7.9,1961.0,1h,14000,Pietro Germi,0.0,7.9
541. Последний император,7.7,1987.0,2h,113000,Bernardo Bertolucci,76.0,7.7
542. Дамбо,7.2,1941.0,1h,144000,Samuel Armstrong,96.0,7.199999999999999
543. Жизнь других,8.4,2006.0,2h,416000,Florian Henckel von Donnersmarck,89.0,8.4
544. Глаза без лица,7.6,1960.0,1h,36000,Georges Franju,90.0,7.599999999999999
545. Джон Ф. Кеннеди: Выстрелы в Далласе,8.0,1991.0,3h,173000,Oliver Stone,72.0,8.0
546. Жизнь Брайана по Монти Пайтон,8.0,1979.0,1h,424000,Terry Jones,77.0,8.0
547. Храброе сердце,8.3,1995.0,2h,1000000,Mel Gibson,68.0,8.3
548. Красавица и чудовище,8.0,1991.0,1h,485000,Gary Trousdale,95.0,8.0
549. Вечное сияние чистого разума,8.3,2004.0,1h,1000000,Michel Gondry,89.0,8.3
550. Звезда родилась,7.5,1954.0,2h,20000,George Cukor,89.0,7.499999999999999
551. Гладиатор,8.5,2000.0,2h,7000000,Ridley Scott,67.0,8.500000000000002
552. Мой ужин с Андре,7.7,1981.0,1h,27000,Louis Malle,83.0,7.7
553. Пропавший без вести,7.7,1982.0,2h,24000,Costa-Gavras,78.0,7.7
554. Красная пустыня,7.5,1964.0,1h,18000,Michelangelo Antonioni,0.0,7.499999999999999
555. Затухающий огонек,7.8,1963.0,1h,11000,Louis Malle,0.0,7.8
556. Дневник падшей,7.8,1929.0,1h,9000,Georg Wilhelm Pabst,0.0,7.8
557. Плетеный человек,7.5,1973.0,1h,95000,Robin Hardy,87.0,7.499999999999999
558. Марафонцы бегут круг почета,8.8,1982.0,1h,17000,Slobodan Sijan,0.0,8.800000000000002
559. Иван Грозный. Сказ второй: Боярский заговор,7.8,1958.0,1h,2000,Sergei Eisenstein,0.0,7.8
560. Осенняя соната,8.1,1978.0,1h,39000,Ingmar Bergman,0.0,8.1
561. Поезд,7.8,1964.0,2h,20000,John Frankenheimer,80.0,7.8
562. Планета обезьян,8.0,1968.0,1h,201000,Franklin J. Schaffner,79.0,8.0
563. Набережная туманов,7.7,1938.0,1h,10000,Marcel Carné,0.0,7.7
564. Лев зимой,7.9,1968.0,2h,35000,Anthony Harvey,0.0,7.9
"565. Загнанных лошадей пристреливают, не правда ли?",7.8,1969.0,2h,21000,Sydney Pollack,72.0,7.8
566. Вечер в опере,7.8,1935.0,1h,35000,Sam Wood,0.0,7.8
567. Шарада,7.8,1963.0,1h,87000,Stanley Donen,83.0,7.8
568. Плохие спят спокойно,8.0,1960.0,2h,14000,Akira Kurosawa,0.0,8.0
569. Где дом друга?,8.1,1987.0,1h,20000,Abbas Kiarostami,0.0,8.1
570. Человек-паук: Паутина вселенных,8.6,2023.0,2h,403000,Joaquim Dos Santos,86.0,8.6
571. Путь в высшее общество,7.5,1958.0,1h,5000,Jack Clayton,84.0,7.499999999999999
572. Монстр,7.8,2023.0,2h,28000,Hirokazu Koreeda,79.0,7.8
573. Останься со мной,8.1,1986.0,1h,450000,Rob Reiner,75.0,8.1
574. Молодой Франкенштейн,8.0,1974.0,1h,171000,Mel Brooks,83.0,8.0
575. Крылья,7.5,1927.0,2h,15000,William A. Wellman,78.0,7.499999999999999
576. Женщина-демон,7.9,1964.0,1h,23000,Kaneto Shindô,0.0,7.9
577. Сотворившая чудо,8.1,1962.0,1h,21000,Arthur Penn,83.0,8.1
578. Принцесса Мононоке,8.3,1997.0,2h,443000,Hayao Miyazaki,76.0,8.3
"579. До свидания, мистер Чипс",7.9,1939.0,1h,12000,Sam Wood,0.0,7.9
580. Банда с Лавендер Хилл,7.5,1951.0,1h,16000,Charles Crichton,90.0,7.499999999999999
581. Семь шансов,7.8,1925.0,56m,12000,Buster Keaton,0.0,7.8
582. Канал,7.9,1957.0,1h,2000,Andrzej Wajda,0.0,7.9
583. Система безопасности,8.0,1964.0,1h,25000,Sidney Lumet,75.0,8.0
584. Мефисто,7.7,1981.0,2h,12000,István Szabó,0.0,7.7
585. Дерево растет в Бруклине,8.0,1945.0,2h,5000,Elia Kazan,0.0,8.0
586. Втoржение похитителей тел,7.7,1956.0,1h,56000,Don Siegel,92.0,7.7
587. Последний приказ,8.0,1928.0,1h,6000,Josef von Sternberg,0.0,8.0
588. Вся королевская рать,7.4,1949.0,1h,17000,Robert Rossen,0.0,7.3999999999999995
589. Тени забытых предков,7.8,1965.0,1h,7000,Sergei Parajanov,0.0,7.8
590. Ярость,7.8,1936.0,1h,14000,Fritz Lang,0.0,7.8
591. Схватка,8.3,1995.0,2h,732000,Michael Mann,76.0,8.3
592. Африканская королева,7.7,1951.0,1h,85000,John Huston,91.0,7.7
"593. Доктор Мабузе, игрок",7.8,1922.0,4h,3000,Fritz Lang,0.0,7.8
594. Опасное пробуждение,7.6,1971.0,1h,15000,Ted Kotcheff,85.0,7.599999999999999
595. Идти своим путем,7.0,1944.0,2h,14000,Leo McCarey,90.0,6.999999999999998
596. Поля смерти,7.8,1984.0,2h,60000,Roland Joffé,76.0,7.8
597. Повесть о двух городах,7.8,1935.0,2h,4000,Jack Conway,87.0,7.8
598. Дорога,8.0,1982.0,1h,15000,Serif Gören,0.0,8.0
599. Осень в семействе Кохаягава,7.7,1961.0,1h,6000,Yasujirô Ozu,84.0,7.7
"600. Человек, который хотел быть королем",7.7,1975.0,2h,53000,John Huston,91.0,7.7
601. Вампир: Сон Алена Грея,7.4,1932.0,1h,21000,Carl Theodor Dreyer,0.0,7.3999999999999995
602. Завороженный,7.5,1945.0,1h,53000,Alfred Hitchcock,78.0,7.499999999999999
603. Перед закатом,8.1,2004.0,1h,293000,Richard Linklater,91.0,8.1
604. Воскресенья в Виль-д'Эвре,7.8,1962.0,1h,9000,Serge Bourguignon,0.0,7.8
605. Палач,7.9,1963.0,1h,5000,Luis García Berlanga,0.0,7.9
606. 3 женщины,7.7,1977.0,2h,18000,Robert Altman,82.0,7.7
607. Не тронь добычу,7.7,1954.0,1h,7000,Jacques Becker,85.0,7.7
608. Оливер!,7.4,1968.0,2h,42000,Carol Reed,74.0,7.3999999999999995
"609. 4 мeсяца, 3 недели и 2 дня",7.9,2007.0,1h,64000,Cristian Mungiu,97.0,7.9
"610. Каждый за себя, а Бог против всех",7.7,1974.0,1h,19000,Werner Herzog,0.0,7.7
611. Чyнгкингский экспресс,8.0,1994.0,1h,99000,Kar-Wai Wong,78.0,8.0
"612. Человек, который спит",7.9,1974.0,1h,8000,Bernard Queysanne,0.0,7.9
613. Двенадцать пар глаз,8.0,1954.0,2h,3000,Keisuke Kinoshita,0.0,8.0
614. Атлантик-Сити,7.3,1980.0,1h,19000,Louis Malle,85.0,7.299999999999999
615. Деньги,7.4,1983.0,1h,12000,Robert Bresson,95.0,7.3999999999999995
616. Злые улицы,7.2,1973.0,1h,121000,Martin Scorsese,96.0,7.199999999999999
617. Цветы Хиган,7.8,1958.0,1h,5000,Yasujirô Ozu,83.0,7.8
618. Скрипач на крыше,8.0,1971.0,3h,49000,Norman Jewison,67.0,8.0
619. Письмо,7.5,1940.0,1h,15000,William Wyler,84.0,7.499999999999999
620. Демоны,7.9,1971.0,2h,3000,Toshio Matsumoto,0.0,7.9
621. Убийцы цветочной луны,7.6,2023.0,3h,260000,Martin Scorsese,89.0,7.599999999999999
622. Полевые огни,7.9,1959.0,1h,4000,Kon Ichikawa,0.0,7.9
623. Кто там поет,8.7,1980.0,1h,17000,Slobodan Sijan,0.0,8.700000000000001
624. Премьера,7.9,1977.0,2h,13000,John Cassavetes,69.0,7.9
625. Манила в объятиях ночи,7.8,1975.0,2h,7000,Lino Brocka,0.0,7.8
626. Язык нежности,7.4,1983.0,2h,67000,James L. Brooks,79.0,7.3999999999999995
627. Тёмный рыцарь,9.0,2008.0,2h,9000000,Christopher Nolan,84.0,9.000000000000004
628. Андеграунд,8.0,1995.0,2h,62000,Emir Kusturica,79.0,8.0
629. Властелин колец: Две крепости,8.8,2002.0,2h,8000000,Peter Jackson,87.0,8.800000000000004
630. Перед рассветом,8.1,1995.0,1h,347000,Richard Linklater,78.0,8.1
631. Святая Гора,7.7,1973.0,1h,49000,Alejandro Jodorowsky,76.0,7.7
632. Великолепие в траве,7.7,1961.0,2h,23000,Elia Kazan,74.0,7.7
633. Джентльменское соглашение,7.2,1947.0,1h,18000,Elia Kazan,0.0,7.199999999999999
634. Мост,8.0,1959.0,1h,8000,Bernhard Wicki,0.0,8.0
635. На игле,8.1,1996.0,1h,735000,Danny Boyle,83.0,8.1
636. Скованные одной цепью,7.6,1958.0,1h,18000,Stanley Kramer,69.0,7.599999999999999
637. Навсикая из Долины ветров,8.0,1984.0,1h,186000,Hayao Miyazaki,86.0,8.0
638. Гости издалека,8.5,2021.0,1h,4000,Christopher Ashley,83.0,8.5
639. Тонкая красная линия,7.6,1998.0,2h,202000,Terrence Malick,78.0,7.599999999999999
640. Лучшие из молодых,8.5,2003.0,6h,24000,Marco Tullio Giordana,89.0,8.5
641. Малышка на миллион,8.1,2004.0,2h,730000,Clint Eastwood,86.0,8.1
642. Моя левая нога,7.8,1989.0,1h,81000,Jim Sheridan,97.0,7.8
643. Лето соула,8.0,2021.0,1h,14000,Questlove,96.0,8.0
644. Олдбой,8.3,2003.0,2h,651000,Park Chan-wook,78.0,8.3
645. Время свинга,7.5,1936.0,1h,15000,George Stevens,91.0,7.499999999999999
646. Балканский шпион,8.8,1984.0,1h,13000,Dusan Kovacevic,0.0,8.800000000000002
647. Если...,7.4,1968.0,1h,25000,Lindsay Anderson,0.0,7.3999999999999995
648. Ночи в стиле буги,7.9,1997.0,2h,286000,Paul Thomas Anderson,86.0,7.9
649. Бэмби,7.3,1942.0,1h,156000,James Algar,91.0,7.299999999999999
650. Плоды случайности,7.9,1942.0,2h,5000,Mervyn LeRoy,62.0,7.9
651. Нити,8.0,1984.0,1h,21000,Mick Jackson,92.0,8.0
652. Побег,7.9,2021.0,1h,20000,Jonas Poher Rasmussen,91.0,7.9
653. Мужское-женское,7.4,1966.0,1h,18000,Jean-Luc Godard,93.0,7.3999999999999995
654. Пигмалион,7.7,1938.0,1h,8000,Anthony Asquith,0.0,7.7
655. Он,7.9,1953.0,1h,6000,Luis Buñuel,0.0,7.9
656. Человек дождя,8.0,1988.0,2h,554000,Barry Levinson,65.0,8.0
"657. Чем больше, тем веселее",7.6,1943.0,1h,6000,George Stevens,0.0,7.599999999999999
658. Горбатая гора,7.7,2005.0,2h,391000,Ang Lee,87.0,7.7
659. Суспирия,7.3,1977.0,1h,108000,Dario Argento,79.0,7.299999999999999
660. Торжество,8.0,1998.0,1h,95000,Thomas Vinterberg,82.0,8.0
"661. Ревущие двадцатые, или Судьба солдата в Америке",7.9,1939.0,1h,16000,Raoul Walsh,0.0,7.9
662. 12 лет рабства,8.1,2013.0,2h,750000,Steve McQueen,96.0,8.1
663. Звезда родилась,7.3,1937.0,1h,11000,William A. Wellman,77.0,7.299999999999999
664. Сердца тьмы: Апокалипсис кинематографиста,8.1,1991.0,1h,24000,Fax Bahr,0.0,8.1
665. Поздняя осень,7.9,1960.0,2h,3000,Yasujirô Ozu,0.0,7.9
666. Меч судьбы,7.9,1966.0,2h,12000,Kihachi Okamoto,0.0,7.9
667. Грозовой перевал,7.5,1939.0,1h,20000,William Wyler,0.0,7.499999999999999
668. В упор,7.3,1967.0,1h,24000,John Boorman,86.0,7.299999999999999
669. Терминатор,8.1,1984.0,1h,941000,James Cameron,84.0,8.1
670. Харви,7.9,1950.0,1h,59000,Henry Koster,0.0,7.9
"671. Без крова, вне закона",7.6,1985.0,1h,14000,Agnès Varda,0.0,7.599999999999999
672. Годзилла минус один,7.7,2023.0,2h,151000,Takashi Yamazaki,81.0,7.7
673. Помни,8.4,2000.0,1h,3000000,Christopher Nolan,83.0,8.4
674. Английский пациент,7.4,1996.0,2h,205000,Anthony Minghella,86.0,7.3999999999999995
"675. Чeловек, который смеется",7.6,1928.0,1h,3000,Paul Leni,0.0,7.599999999999999
676. Стачка,7.6,1925.0,1h,8000,Sergei Eisenstein,0.0,7.599999999999999
677. Причастие,8.0,1963.0,1h,28000,Ingmar Bergman,0.0,8.0
678. Легенда о Нараяме,7.8,1958.0,1h,9000,Keisuke Kinoshita,0.0,7.8
679. Осведомитель,7.4,1935.0,1h,3000,John Ford,65.0,7.3999999999999995
680. Маргаритки,7.3,1966.0,1h,16000,Vera Chytilová,0.0,7.299999999999999
681. Оппенгеймер,8.3,2023.0,3h,799000,Christopher Nolan,90.0,8.3
682. Праздник,7.7,1938.0,1h,18000,George Cukor,0.0,7.7
683. Прокол,7.4,1981.0,1h,66000,Brian De Palma,86.0,7.3999999999999995
684. Бледный цветок,7.7,1964.0,1h,5000,Masahiro Shinoda,0.0,7.7
685. Бо Бёрнэм: Дома,8.6,2021.0,1h,56000,Bo Burnham,0.0,8.6
686. Паскуалино 'Семь красоток',7.7,1975.0,1h,6000,Lina Wertmüller,0.0,7.7
687. Мы всем чужие,7.7,2023.0,1h,59000,Andrew Haigh,90.0,7.7
688. Поверженный идол,7.6,1948.0,1h,8000,Carol Reed,88.0,7.599999999999999
689. Город скорби,7.8,1989.0,2h,3000,Hsiao-Hsien Hou,0.0,7.8
690. Ад раскрылся,7.4,1941.0,1h,6000,H.C. Potter,0.0,7.3999999999999995
"691. Злоумышленники, как всегда, остались неизвестны",7.9,1958.0,1h,12000,Mario Monicelli,0.0,7.9
692. Ангелы с грязными лицами,7.9,1938.0,1h,24000,Michael Curtiz,0.0,7.9
693. Пикник у Висячей скалы,7.4,1975.0,1h,42000,Peter Weir,81.0,7.3999999999999995
694. Элмер Гантри,7.7,1960.0,2h,13000,Richard Brooks,0.0,7.7
695. Потоки любви,7.6,1984.0,2h,9000,John Cassavetes,0.0,7.599999999999999
696. Смешная девчонка,7.4,1968.0,2h,26000,William Wyler,88.0,7.3999999999999995
"697. Леон Морен, священник",7.5,1961.0,1h,8000,Jean-Pierre Melville,0.0,7.499999999999999
698. На исходе дня,7.8,1993.0,2h,86000,James Ivory,86.0,7.8
699. Стыд,8.0,1968.0,1h,15000,Ingmar Bergman,0.0,8.0
700. Каникулы господина Юло,7.3,1953.0,1h,21000,Jacques Tati,90.0,7.299999999999999
701. Матрица,8.7,1999.0,2h,1000000,Lana Wachowski,73.0,8.700000000000001
702. Чeрнокожая из...,7.4,1966.0,1h,2000,Ousmane Sembene,75.0,7.3999999999999995
703. Тристана,7.4,1970.0,1h,13000,Luis Buñuel,93.0,7.3999999999999995
704. Идеальные дни,7.9,2023.0,2h,59000,Wim Wenders,80.0,7.9
705. Титаник,7.9,1997.0,3h,3000000,James Cameron,75.0,7.9
706. Ранняя весна,7.7,1956.0,2h,8000,Yasujirô Ozu,84.0,7.7
707. Свой человек,7.8,1999.0,2h,183000,Michael Mann,85.0,7.8
708. Мариус,7.8,1931.0,2h,6000,Alexander Korda,0.0,7.8
709. Самый длинный день,7.7,1962.0,2h,60000,Ken Annakin,75.0,7.7
710. Убийцы,7.7,1946.0,1h,24000,Robert Siodmak,0.0,7.7
711. Приключения в Палм-Бич,7.5,1942.0,1h,13000,Preston Sturges,0.0,7.499999999999999
712. Акт убийства,8.2,2012.0,1h,41000,Joshua Oppenheimer,92.0,8.2
713. Отелло,7.5,1951.0,1h,6000,Orson Welles,0.0,7.499999999999999
714. Городская девчонка,7.7,1930.0,1h,8000,F.W. Murnau,0.0,7.7
715. Воспоминания об убийстве,8.1,2003.0,2h,225000,Bong Joon Ho,82.0,8.1
716. Октябрь,7.4,1928.0,2h,6000,Grigoriy Aleksandrov,0.0,7.3999999999999995
717. Красивые деревни красиво горят,8.6,1996.0,1h,18000,Srdjan Dragojevic,0.0,8.6
718. Зеленый луч,7.6,1986.0,1h,11000,Éric Rohmer,0.0,7.599999999999999
719. Century of Cinema,8.5,1956,3h,2000,Martin Scorsese,0.0,8.5
720. Враг общества,7.6,1931.0,1h,23000,William A. Wellman,80.0,7.599999999999999
721. Кэрри,7.4,1976.0,1h,211000,Brian De Palma,86.0,7.3999999999999995
722. Версия Браунинга,8.1,1951.0,1h,5000,Anthony Asquith,0.0,8.1
"723. День, когда остановилась Земля",7.7,1951.0,1h,87000,Robert Wise,83.0,7.7
724. Военная игра,7.9,1966.0,48m,4000,Peter Watkins,0.0,7.9
725. Парк юрского периода,8.2,1993.0,2h,1000000,Steven Spielberg,68.0,8.2
"726. Вcе, что дозволено небесам",7.6,1955.0,1h,17000,Douglas Sirk,78.0,7.599999999999999
727. Великое молчание,7.7,1968.0,1h,19000,Sergio Corbucci,0.0,7.7
"728. Один, два, три",7.9,1961.0,1h,23000,Billy Wilder,73.0,7.9
729. Отец,8.2,2020.0,1h,201000,Florian Zeller,88.0,8.2
730. Герой,8.7,1987.0,2h,25000,Mani Ratnam,0.0,8.700000000000001
731. А вот и мистер Джордан,7.5,1941.0,1h,5000,Alexander Hall,0.0,7.499999999999999
732. Кинооператор,8.0,1928.0,1h,13000,Edward Sedgwick,0.0,8.0
733. Избавление,7.7,1972.0,1h,121000,John Boorman,80.0,7.7
734. Мики и Ники,7.3,1976.0,1h,6000,Elaine May,81.0,7.299999999999999
735. Багдадский вор,7.4,1940.0,1h,15000,Ludwig Berger,0.0,7.3999999999999995
736. Любовный роман,7.3,1939.0,1h,6000,Leo McCarey,91.0,7.299999999999999
737. С огоньком,7.7,1941.0,1h,14000,Howard Hawks,78.0,7.7
738. Подозрительные лица,8.5,1995.0,1h,2000000,Bryan Singer,76.0,8.5
739. Река,7.4,1951.0,1h,7000,Jean Renoir,0.0,7.3999999999999995
740. Алиса в городах,7.9,1974.0,1h,14000,Wim Wenders,78.0,7.9
741. Король говорит!,8.0,2010.0,1h,713000,Tom Hooper,88.0,8.0
742. Стальной гигант,8.1,1999.0,1h,234000,Brad Bird,85.0,8.1
743. Огненные колесницы,7.1,1981.0,2h,67000,Hugh Hudson,78.0,7.099999999999999
744. Тетушка Мэйм,7.9,1958.0,2h,13000,Morton DaCosta,0.0,7.9
745. Они живут по ночам,7.4,1948.0,1h,6000,Nicholas Ray,82.0,7.3999999999999995
746. Перекрестный огонь,7.3,1947.0,1h,9000,Edward Dmytryk,0.0,7.299999999999999
747. Лошадиные перья,7.5,1932.0,1h,14000,Norman Z. McLeod,83.0,7.499999999999999
748. 21 год,8.1,1977.0,1h,3000,Michael Apted,0.0,8.1
749. Второе дыхание,7.9,1966.0,2h,8000,Jean-Pierre Melville,0.0,7.9
750. Всё везде и сразу,7.8,2022.0,2h,552000,Daniel Kwan,81.0,7.8
751. Подстава,7.8,1949.0,1h,10000,Robert Wise,0.0,7.8
752. Жизнь и ничего более,7.9,1992.0,1h,8000,Abbas Kiarostami,0.0,7.9
753. Короткий монтаж,7.6,1993.0,3h,48000,Robert Altman,81.0,7.599999999999999
754. Годзилла,7.5,1954.0,1h,41000,Ishirô Honda,79.0,7.499999999999999
755. Собиратели и собирательница,7.7,2000.0,1h,1000,Agnès Varda,86.0,7.7
756. Беглец,7.8,1993.0,2h,325000,Andrew Davis,87.0,7.8
757. Навигатор,7.5,1924.0,59m,11000,Donald Crisp,0.0,7.499999999999999
758. Звёздные войны: Эпизод 6 - Возвращение Джедая,8.3,1983.0,2h,1000000,Richard Marquand,58.0,8.3
759. Лифт на эшафот,7.9,1958.0,1h,29000,Louis Malle,94.0,7.9
760. Вердикт,7.7,1982.0,2h,47000,Sidney Lumet,77.0,7.7
761. Лица,7.4,1968.0,2h,12000,John Cassavetes,88.0,7.3999999999999995
762. Пласидо,7.8,1961.0,1h,8000,Luis García Berlanga,0.0,7.8
763. Седьмое небо,7.6,1927.0,1h,3000,Frank Borzage,0.0,7.599999999999999
764. Тэсс,7.3,1979.0,3h,19000,Roman Polanski,82.0,7.299999999999999
765. Земля,7.2,1930.0,1h,5000,Aleksandr Dovzhenko,0.0,7.199999999999999
766. Дэвид Копперфилд,7.3,1935.0,2h,8000,George Cukor,91.0,7.299999999999999
767. Рассвет мертвецов,7.8,1978.0,2h,130000,George A. Romero,71.0,7.8
768. Быть Джоном Малковичем,7.7,1999.0,1h,357000,Spike Jonze,90.0,7.7
769. И твою маму тоже,7.7,2001.0,1h,130000,Alfonso Cuarón,89.0,7.7
770. С течением времени,7.7,1976.0,2h,6000,Wim Wenders,0.0,7.7
"771. Мне отмщение, и аз воздам",7.7,1979.0,2h,4000,Shôhei Imamura,85.0,7.7
772. Жизнь Эмиля Золя,7.2,1937.0,1h,2000,William Dieterle,0.0,7.199999999999999
773. Грязный Гарри,7.7,1971.0,1h,171000,Don Siegel,87.0,7.7
774. Гертруда,7.3,1964.0,1h,9000,Carl Theodor Dreyer,0.0,7.299999999999999
775. Усталая смерть,7.6,1921.0,1h,8000,Fritz Lang,0.0,7.599999999999999
776. Вести из дома,7.3,1976.0,1h,3000,Chantal Akerman,0.0,7.299999999999999
777. День начинается,7.7,1939.0,1h,4000,Marcel Carné,0.0,7.7
778. Хад,7.8,1963.0,1h,24000,Martin Ritt,62.0,7.8
779. Коммивояжер,7.6,1969.0,1h,8000,Albert Maysles,80.0,7.599999999999999
780. Симеон столпник,7.8,1965.0,45m,11000,Luis Buñuel,0.0,7.8
781. Любовь и смерть,7.6,1975.0,1h,42000,Woody Allen,89.0,7.599999999999999
782. Обнаженная,7.7,1993.0,2h,45000,Mike Leigh,85.0,7.7
783. Поле битвы,7.4,1949.0,1h,8000,William A. Wellman,0.0,7.3999999999999995
784. Пелле-завоеватель,7.7,1987.0,2h,12000,Bille August,0.0,7.7
785. Призрак оперы,7.5,1925.0,1h,20000,Rupert Julian,0.0,7.499999999999999
786. Никто не узнает,8.0,2004.0,2h,32000,Hirokazu Koreeda,88.0,8.0
787. Рабочий класс идет в рай,7.6,1971.0,2h,2000,Elio Petri,0.0,7.599999999999999
788. Спасательная шлюпка,7.6,1944.0,1h,32000,Alfred Hitchcock,78.0,7.599999999999999
"789. Весна, лето, осень, зима... и снова весна",8.0,2003.0,1h,88000,Kim Ki-duk,85.0,8.0
790. Легенда о Нараяме,7.8,1983.0,2h,3000,Shôhei Imamura,0.0,7.8
"791. Я знаю, куда я иду!",7.4,1945.0,1h,10000,Michael Powell,86.0,7.3999999999999995
792. Военно-полевой госпиталь М.Э.Ш.,7.4,1970.0,1h,79000,Robert Altman,80.0,7.3999999999999995
793. Товарищи,8.0,1963.0,2h,4000,Mario Monicelli,0.0,8.0
794. Холм,7.8,1965.0,2h,16000,Sidney Lumet,81.0,7.8
795. Слава герою-победителю,7.6,1944.0,1h,2000,Preston Sturges,0.0,7.599999999999999
796. Врата ада,7.1,1953.0,1h,4000,Teinosuke Kinugasa,0.0,7.099999999999999
797. Миллионер из трущоб,8.0,2008.0,2h,884000,Danny Boyle,84.0,8.0
798. Пароходный Билл,7.8,1928.0,1h,16000,Charles Reisner,0.0,7.8
"799. Рукопись, найденная в Сарагосе",7.8,1965.0,3h,6000,Wojciech Has,0.0,7.8
800. Хорошая работа,7.3,1999.0,1h,16000,Claire Denis,91.0,7.299999999999999
801. Небеса могут подождать,7.3,1943.0,1h,13000,Ernst Lubitsch,0.0,7.299999999999999
802. Смертельный шторм,7.7,1940.0,1h,2000,Frank Borzage,0.0,7.7
803. Дорогой Закари: письмо сыну о его отце,8.5,2008.0,1h,42000,Kurt Kuenne,82.0,8.5
804. Оклеветанная,7.8,1936.0,1h,1000,Jack Conway,0.0,7.8
805. Неотправленное письмо,7.8,1960.0,1h,4000,Mikhail Kalatozov,0.0,7.8
806. Аладдин,8.0,1992.0,1h,477000,Ron Clements,86.0,8.0
807. Мама Рома,7.8,1962.0,1h,11000,Pier Paolo Pasolini,0.0,7.8
808. Маленькие женщины,7.2,1933.0,1h,8000,George Cukor,92.0,7.199999999999999
809. Хроника одного лета,7.5,1961.0,1h,7000,Edgar Morin,0.0,7.499999999999999
810. Злые и красивые,7.8,1952.0,1h,17000,Vincente Minnelli,86.0,7.8
811. Целуй меня насмерть,7.5,1955.0,1h,22000,Robert Aldrich,0.0,7.499999999999999
812. Мышьяк и старые кружева,7.9,1944.0,1h,76000,Frank Capra,0.0,7.9
813. Люби меня сегодня,7.5,1932.0,1h,7000,Rouben Mamoulian,0.0,7.499999999999999
814. Александр Невский,7.5,1938.0,1h,12000,Sergei Eisenstein,0.0,7.499999999999999
815. Артист,7.9,2011.0,1h,250000,Michel Hazanavicius,89.0,7.9
816. Кроваво-красное,7.5,1975.0,2h,44000,Dario Argento,89.0,7.499999999999999
817. Конвейер,7.5,1978.0,1h,11000,Paul Schrader,77.0,7.499999999999999
818. Оливер Твист,7.8,1948.0,1h,14000,David Lean,84.0,7.8
"819. Америка, Америка",7.7,1963.0,2h,1000,Elia Kazan,72.0,7.7
820. Завтрак у Тиффани,7.6,1961.0,1h,195000,Blake Edwards,77.0,7.599999999999999
821. Паника,7.9,1946.0,1h,7000,Julien Duvivier,0.0,7.9
822. Кентерберийская история,7.3,1944.0,2h,6000,Michael Powell,85.0,7.299999999999999
823. Москва слезам не верит,8.0,1980.0,2h,15000,Vladimir Menshov,0.0,8.0
824. Ведьмы,7.6,1922.0,1h,17000,Benjamin Christensen,0.0,7.599999999999999
825. После жизни,7.6,1998.0,1h,14000,Hirokazu Koreeda,91.0,7.599999999999999
826. Касание Дзен,7.5,1971.0,3h,5000,King Hu,0.0,7.499999999999999
827. Неизвестный,7.7,1927.0,1h,4000,Tod Browning,0.0,7.7
828. Мафиозо,7.6,1962.0,1h,3000,Alberto Lattuada,88.0,7.599999999999999
829. Вся красота и кровопролитие,7.5,2022.0,1h,3000,Laura Poitras,91.0,7.499999999999999
830. Белая лента,7.8,2009.0,2h,78000,Michael Haneke,84.0,7.8
831. Боб - прожигатель жизни,7.6,1956.0,1h,14000,Jean-Pierre Melville,80.0,7.599999999999999
832. Бартон Финк,7.6,1991.0,1h,130000,Joel Coen,69.0,7.599999999999999
833. Игра навылет,7.9,1972.0,2h,51000,Joseph L. Mankiewicz,0.0,7.9
"834. Тот, кто получает пощёчины",7.8,1924.0,1h,4000,Victor Sjöström,0.0,7.8
835. В центре внимания,8.1,2015.0,2h,508000,Tom McCarthy,93.0,8.1
836. Парни что надо,7.8,1983.0,3h,66000,Philip Kaufman,91.0,7.8
837. Рома,7.7,2018.0,2h,171000,Alfonso Cuarón,96.0,7.7
838. Пожары,8.3,2010.0,2h,210000,Denis Villeneuve,80.0,8.3
839. Большие гонки,8.4,1975.0,1h,14000,Ivo Caprino,0.0,8.4
840. Жан де Флоретт,8.1,1986.0,2h,28000,Claude Berri,0.0,8.1
841. Весна в маленьком городе,7.3,1948.0,1h,4000,Mu Fei,0.0,7.299999999999999
842. Страница безумия,7.3,1926.0,1h,7000,Teinosuke Kinugasa,0.0,7.299999999999999
843. Мимино,8.1,1977.0,1h,7000,Georgiy Daneliya,0.0,8.1
844. Рассекая волны,7.8,1996.0,2h,73000,Lars von Trier,82.0,7.8
845. Улыбки летней ночи,7.7,1955.0,1h,15000,Ingmar Bergman,0.0,7.7
846. Крепкий орешек,8.2,1988.0,2h,959000,John McTiernan,72.0,8.2
847. Тоска Вероники Фосс,7.6,1982.0,1h,9000,Rainer Werner Fassbinder,0.0,7.599999999999999
848. Улица стыда,7.8,1956.0,1h,5000,Kenji Mizoguchi,0.0,7.8
849. В год тринадцати лун,7.4,1978.0,2h,9000,Rainer Werner Fassbinder,0.0,7.3999999999999995
850. Дорогая,7.0,1965.0,2h,8000,John Schlesinger,0.0,6.999999999999998
851. Серпико,7.7,1973.0,2h,137000,Sidney Lumet,83.0,7.7
852. Табу,7.4,1931.0,1h,5000,F.W. Murnau,0.0,7.3999999999999995
853. Без надежды,7.5,1966.0,1h,4000,Miklós Jancsó,0.0,7.499999999999999
854. Багдадский вор,7.7,1924.0,2h,1000,Raoul Walsh,0.0,7.7
855. Джонни Белинда,7.7,1948.0,1h,4000,Jean Negulesco,0.0,7.7
856. Призрак свободы,7.8,1974.0,1h,17000,Luis Buñuel,0.0,7.8
857. Одержимая,7.3,1981.0,2h,45000,Andrzej Zulawski,75.0,7.299999999999999
858. Сука любовь,8.0,2000.0,2h,256000,Alejandro G. Iñárritu,83.0,8.0
859. Мои друзья,7.9,1975.0,2h,1000,Mario Monicelli,0.0,7.9
860. Гибель Титаника,7.9,1958.0,2h,18000,Roy Ward Baker,0.0,7.9
861. Девушки в униформе,7.6,1931.0,1h,9000,Leontine Sagan,0.0,7.599999999999999
862. Горькие слезы Петры Фон Кант,7.5,1972.0,2h,11000,Rainer Werner Fassbinder,73.0,7.499999999999999
863. День Шакала,7.8,1973.0,2h,46000,Fred Zinnemann,80.0,7.8
864. Земля кочевников,7.3,2020.0,1h,187000,Chloé Zhao,87.0,7.299999999999999
865. Воспоминания об отсталости,7.6,1968.0,1h,9000,Tomás Gutiérrez Alea,0.0,7.599999999999999
866. Пейзаж в тумане,7.9,1988.0,2h,9000,Theodoros Angelopoulos,0.0,7.9
867. Грек Зорба,7.6,1964.0,2h,24000,Michael Cacoyannis,0.0,7.599999999999999
868. Разум и чувства,7.7,1995.0,2h,128000,Ang Lee,84.0,7.7
869. ВАЛЛ·И,8.4,2008.0,1h,2000000,Andrew Stanton,95.0,8.4
870. Время жить и время умирать,7.5,1985.0,2h,6000,Hsiao-Hsien Hou,0.0,7.499999999999999
871. Тайбэйская история,7.6,1985.0,1h,1000,Edward Yang,0.0,7.599999999999999
872. Трудности перевода,7.7,2003.0,1h,499000,Sofia Coppola,91.0,7.7
873. Товарищи: Почти история любви,8.1,1996.0,1h,8000,Peter Ho-Sun Chan,0.0,8.1
874. Операция «Ы» и другие приключения Шурика,8.4,1965.0,1h,15000,Leonid Gaidai,0.0,8.4
875. Игры разума,8.2,2001.0,2h,1000000,Ron Howard,72.0,8.2
876. Одинокий,7.7,1928.0,1h,7000,Pál Fejös,0.0,7.7
877. Большой Лебовски,8.1,1998.0,1h,872000,Joel Coen,71.0,8.1
878. Игрок,7.5,1992.0,2h,67000,Robert Altman,86.0,7.499999999999999
879. Пешком-пешком,7.9,2008.0,1h,19000,Hirokazu Koreeda,89.0,7.9
880. Вселяющий страх,7.7,1986.0,1h,7000,Edward Yang,0.0,7.7
881. Шоу Трумана,8.2,1998.0,1h,2000000,Peter Weir,90.0,8.2
882. Мисима: Жизнь в четырёх главах,7.9,1985.0,2h,14000,Paul Schrader,84.0,7.9
883. Сержант Йорк,7.7,1941.0,2h,20000,Howard Hawks,0.0,7.7
884. Люди-кошки,7.2,1942.0,1h,27000,Jacques Tourneur,85.0,7.199999999999999
885. Юг,7.8,1983.0,1h,5000,Víctor Erice,0.0,7.8
886. Незамужняя женщина,7.2,1978.0,2h,2000,Paul Mazursky,79.0,7.199999999999999
887. Безумцы Титиката,7.7,1967.0,1h,2000,Frederick Wiseman,0.0,7.7
888. Казино,8.2,1995.0,2h,574000,Martin Scorsese,73.0,8.2
889. Дестри снова в седле,7.6,1939.0,1h,13000,George Marshall,81.0,7.599999999999999
890. Амели,8.3,2001.0,2h,804000,Jean-Pierre Jeunet,70.0,8.3
891. Уитнэйл и Я,7.5,1987.0,1h,49000,Bruce Robinson,84.0,7.499999999999999
892. Время цыган,8.1,1988.0,2h,33000,Emir Kusturica,0.0,8.1
893. Назарин,7.7,1959.0,1h,5000,Luis Buñuel,0.0,7.7
894. Лола,7.5,1961.0,1h,8000,Jacques Demy,73.0,7.499999999999999
895. Мой американский дядюшка,7.6,1980.0,2h,7000,Alain Resnais,0.0,7.599999999999999
896. На ярком солнце,7.7,1960.0,1h,21000,René Clément,0.0,7.7
897. Центральный вокзал,8.0,1998.0,1h,43000,Walter Salles,80.0,8.0
898. Для Самы,8.5,2019.0,1h,13000,Waad Al-Kateab,89.0,8.5
"899. Далекие голоса, застывшие жизни",7.4,1988.0,1h,3000,Terence Davies,86.0,7.3999999999999995
900. Служебный роман,8.2,1977.0,2h,11000,Eldar Ryazanov,0.0,8.2
901. Двухполосное шоссе,7.2,1971.0,1h,14000,Monte Hellman,89.0,7.199999999999999
"902. Угадай, кто придет к обеду?",7.8,1967.0,1h,50000,Stanley Kramer,63.0,7.8
903. Зелёная миля,8.6,1999.0,3h,4000000,Frank Darabont,61.0,8.6
904. Старая мельница,7.8,1937.0,9m,5000,Graham Heid,0.0,7.8
905. Джентльмены удачи,8.3,1971.0,1h,13000,Aleksandr Seryy,0.0,8.3
906. День сурка,8.0,1993.0,1h,696000,Harold Ramis,72.0,8.0
907. Веселый развод,7.4,1934.0,1h,8000,Mark Sandrich,80.0,7.3999999999999995
908. Лунный свет,7.4,2016.0,1h,336000,Barry Jenkins,99.0,7.3999999999999995
909. Набережная Орфевр,7.7,1947.0,1h,5000,Henri-Georges Clouzot,89.0,7.7
910. Изысканный замок,8.7,1993.0,2h,13000,Fazil,0.0,8.700000000000001
"911. Больше, чем жизнь",7.4,1956.0,1h,3000,Nicholas Ray,0.0,7.3999999999999995
912. Европа 51,7.4,1952.0,1h,9000,Roberto Rossellini,0.0,7.3999999999999995
913. Маленький беглец,7.5,1953.0,1h,1000,Ray Ashley,91.0,7.499999999999999
914. Бремя мечты,7.9,1982.0,1h,3000,Les Blank,77.0,7.9
915. Рожденная вчера,7.5,1950.0,1h,13000,George Cukor,0.0,7.499999999999999
916. Жестокая игра,7.2,1992.0,1h,61000,Neil Jordan,90.0,7.199999999999999
917. Кулачное право свободы,7.6,1975.0,2h,7000,Rainer Werner Fassbinder,0.0,7.599999999999999
918. Смертная казнь через повешение,7.5,1968.0,1h,4000,Nagisa Ôshima,0.0,7.499999999999999
919. Акира,8.0,1988.0,2h,209000,Katsuhiro Ôtomo,68.0,8.0
920. На Западном фронте без перемен,7.8,2022.0,2h,256000,Edward Berger,76.0,7.8
921. Падение дома Ашеров,7.3,1928.0,1h,6000,Jean Epstein,0.0,7.299999999999999
922. Наслаждение,7.6,1952.0,1h,5000,Max Ophüls,0.0,7.599999999999999
923. Комната с видом,7.2,1985.0,1h,49000,James Ivory,83.0,7.199999999999999
924. Квайдан: Повествование о загадочном и ужасном,7.9,1964.0,3h,21000,Masaki Kobayashi,0.0,7.9
925. Сердца и мысли,8.2,1974.0,1h,2000,Peter Davis,68.0,8.2
926. Потерянный горизонт,7.6,1937.0,2h,15000,Frank Capra,0.0,7.599999999999999
927. Принесите мне голову Альфредо Гарсия,7.4,1974.0,1h,22000,Sam Peckinpah,80.0,7.3999999999999995
928. Бездомный пес,7.8,1949.0,2h,19000,Akira Kurosawa,0.0,7.8
929. Скачи по высокогорью,7.4,1962.0,1h,15000,Sam Peckinpah,92.0,7.3999999999999995
930. Жижи,6.6,1958.0,1h,25000,Vincente Minnelli,82.0,6.599999999999998
931. El-Kit Kat,8.3,1991.0,2h,8000,Daoud Abdel Sayed,0.0,8.3
932. Сука,7.5,1931.0,1h,9000,Jean Renoir,0.0,7.499999999999999
933. Парк наказаний,7.7,1971.0,1h,8000,Peter Watkins,0.0,7.7
934. Жизнь прекрасна,8.6,1997.0,1h,755000,Roberto Benigni,58.0,8.6
935. Земля обетованная,7.8,1975.0,2h,1000,Andrzej Wajda,0.0,7.8
936. Призрак и миссис Мьюр,7.8,1947.0,1h,21000,Joseph L. Mankiewicz,0.0,7.8
937. Корова,7.9,1969.0,1h,1000,Dariush Mehrjui,0.0,7.9
938. Гарольд и Мод,7.9,1971.0,1h,83000,Hal Ashby,62.0,7.9
939. Гигант,7.6,1956.0,3h,43000,George Stevens,84.0,7.599999999999999
940. Жирный город,7.3,1972.0,1h,11000,John Huston,89.0,7.299999999999999
941. Долгая Страстная пятница,7.6,1980.0,1h,26000,John Mackenzie,82.0,7.599999999999999
942. Нанук с Севера,7.6,1922.0,1h,14000,Robert J. Flaherty,0.0,7.599999999999999
943. Звезды и солдаты,7.5,1967.0,1h,4000,Miklós Jancsó,0.0,7.499999999999999
944. Я шагаю по Москве,7.7,1964.0,1h,4000,Georgiy Daneliya,0.0,7.7
945. Любовники с Нового моста,7.6,1991.0,2h,16000,Leos Carax,0.0,7.599999999999999
946. Французский канкан,7.3,1955.0,1h,6000,Jean Renoir,0.0,7.299999999999999
947. Доктор Джекилл и мистер Хайд,7.6,1931.0,1h,16000,Rouben Mamoulian,0.0,7.599999999999999
948. За пригоршню долларов,7.9,1964.0,1h,237000,Sergio Leone,65.0,7.9
949. Ночь и город,7.9,1950.0,1h,16000,Jules Dassin,0.0,7.9
950. Бекет,7.8,1964.0,2h,16000,Peter Glenville,68.0,7.8
951. К востоку от рая,7.8,1955.0,1h,49000,Elia Kazan,72.0,7.8
952. 42-я yлица,7.3,1933.0,1h,13000,Lloyd Bacon,83.0,7.299999999999999
953. Ребята с улицы,7.8,1991.0,1h,158000,John Singleton,76.0,7.8
954. Уроки темноты,8.0,1992.0,54m,9000,Werner Herzog,0.0,8.0
955. Дни и ночи в лесу,8.1,1970.0,1h,3000,Satyajit Ray,0.0,8.1
956. Зулусы,7.7,1964.0,2h,43000,Cy Endfield,77.0,7.7
957. Бен-Гур,7.8,1925.0,2h,8000,Fred Niblo,0.0,7.8
958. Одержимость,7.6,1943.0,2h,4000,Luchino Visconti,0.0,7.599999999999999
959. Золотой век,7.2,1930.0,1h,15000,Luis Buñuel,0.0,7.199999999999999
960. Покаяние,8.1,1984.0,2h,5000,Tengiz Abuladze,0.0,8.1
961. Мое путешествие по Италии,8.2,1999.0,4h,6000,Martin Scorsese,90.0,8.2
962. Убийцы леди,7.6,1955.0,1h,32000,Alexander Mackendrick,91.0,7.599999999999999
963. Портрет девушки в огне,8.1,2019.0,2h,113000,Céline Sciamma,95.0,8.1
964. Взгляд тишины,8.3,2014.0,1h,14000,Joshua Oppenheimer,92.0,8.3
965. Ведьмина служба доставки,7.8,1989.0,1h,170000,Hayao Miyazaki,85.0,7.8
966. Цветы лиловые полей,7.7,1985.0,2h,99000,Steven Spielberg,78.0,7.7
967. Маленькая мама,7.4,2021.0,1h,18000,Céline Sciamma,93.0,7.3999999999999995
968. Ворон,7.8,1943.0,1h,11000,Henri-Georges Clouzot,0.0,7.8
969. Дочь шахтера,7.5,1980.0,2h,21000,Michael Apted,84.0,7.499999999999999
970. Голод,7.7,1966.0,1h,4000,Henning Carlsen,0.0,7.7
971. Рождественский гимн,8.1,1951.0,1h,26000,Brian Desmond Hurst,0.0,8.1
972. Вкус зеленого чая после риса,7.7,1952.0,1h,8000,Yasujirô Ozu,0.0,7.7
973. Командир,8.5,1991.0,2h,14000,Mani Ratnam,0.0,8.5
974. Истинная грусть,8.0,1997.0,1h,100000,Satoshi Kon,67.0,8.0
975. Цельнометаллическая оболочка,8.2,1987.0,1h,802000,Stanley Kubrick,78.0,8.2
976. Барон Мюнхгаузен,7.7,1962.0,1h,1000,Karel Zeman,0.0,7.7
977. Сквозь оливы,7.7,1994.0,1h,10000,Abbas Kiarostami,0.0,7.7
978. Молочные братья,8.8,1976.0,1h,21000,Ertem Egilmez,0.0,8.800000000000002
979. Бумажные цветы,7.8,1959.0,2h,8000,Guru Dutt,0.0,7.8
"980. Вперед, путешественник",7.9,1942.0,1h,19000,Irving Rapper,70.0,7.9
981. Генерал Делла Ровере,7.7,1959.0,2h,7000,Roberto Rossellini,0.0,7.7
982. Жить,8.3,1994.0,2h,21000,Yimou Zhang,0.0,8.3
983. Простая история,8.0,1999.0,1h,99000,David Lynch,86.0,8.0
984. Второй раз,7.6,1966.0,1h,23000,John Frankenheimer,71.0,7.599999999999999
985. 36 ступеней Шаолиня,7.6,1978.0,1h,19000,Chia-Liang Liu,0.0,7.599999999999999
986. Плохой день в Блэк-Роке,7.7,1955.0,1h,25000,John Sturges,0.0,7.7
987. Поговори с ней,7.9,2002.0,1h,118000,Pedro Almodóvar,86.0,7.9
988. Солнце моё,7.6,2022.0,1h,102000,Charlotte Wells,95.0,7.599999999999999
"989. Добро пожаловать, или Посторонним вход воспрещен",7.9,1964.0,1h,6000,Elem Klimov,0.0,7.9
990. Американский друг,7.4,1977.0,2h,19000,Wim Wenders,79.0,7.3999999999999995
991. Наёмный убийца,7.7,1989.0,1h,52000,John Woo,82.0,7.7
992. Одиночество бегуна на длинную дистанцию,7.5,1962.0,1h,5000,Tony Richardson,0.0,7.499999999999999
993. Чемпион,7.2,1931.0,1h,7000,King Vidor,0.0,7.199999999999999
994. Погоня,7.1,1966.0,2h,14000,Arthur Penn,0.0,7.099999999999999
995. Тосун-паша,8.9,1976.0,1h,25000,Kartal Tibet,0.0,8.900000000000002
996. The Beatles: Желтая подводная лодка,7.4,1968.0,1h,28000,George Dunning,79.0,7.3999999999999995
997. Времена Харви Милка,8.2,1984.0,1h,7000,Rob Epstein,0.0,8.2
998. Худший человек на свете,7.7,2021.0,2h,103000,Joachim Trier,91.0,7.7
999. Человек-зверь,7.5,1938.0,1h,5000,Jean Renoir,0.0,7.499999999999999
