Title,Rating,Year,Duration,Votes,Director,MetaScore,Description,Rating Category,Predicted Rating Category
1. Гражданин Кейн,8.3,,N/A,474000,Unknown,100.0,"Following the death of publishing tycoon Charles Foster Kane, reporters scramble to uncover the meaning of his final utterance: 'Rosebud.'",Excellent,Excellent
2. Крестный отец,9.2,,N/A,1000000,Unknown,100.0,The aging patriarch of an organized crime dynasty transfers control of his clandestine empire to his reluctant son.,Excellent,Excellent
3. 12 разгневанных мужчин,9.0,,N/A,895000,Unknown,97.0,The jury in a New York City murder trial is frustrated by a single member whose skeptical caution forces them to more carefully consider the evidence before jumping to a hasty verdict.,Excellent,Excellent
4. Касабланка,8.5,,N/A,619000,Unknown,100.0,A cynical expatriate American cafe owner struggles to decide whether or not to help his former lover and her fugitive husband escape the Nazis in French Morocco.,Excellent,Excellent
5. Страсти Жанны д'Арк,8.1,,N/A,63000,Unknown,98.0,"In 1431, Jeanne d'Arc is placed on trial on charges of heresy. The ecclesiastical jurists attempt to force Jeanne to recant her claims of holy visions.",Excellent,Excellent
6. Огни большого города,8.5,,N/A,201000,Unknown,99.0,"With the aid of a wealthy erratic tippler, a dewy-eyed tramp who has fallen in love with a sightless flower girl accumulates money to be able to help her medically.",Excellent,Excellent
7. Головокружение,8.3,,N/A,437000,Unknown,100.0,"A former San Francisco police detective juggles wrestling with his personal demons and becoming obsessed with the hauntingly beautiful woman he has been hired to trail, who may be deeply disturbed.",Excellent,Excellent
8. Семь самураев,8.6,,N/A,376000,Unknown,98.0,"Farmers from a village exploited by bandits hire a veteran samurai for protection, and he gathers six other samurai to join him.",Excellent,Excellent
9. Восход солнца,8.1,,N/A,55000,Unknown,95.0,"A sophisticated city woman seduces a farmer and convinces him to murder his wife and join her in the city, but he ends up rekindling his romance with his wife when he changes his mind at the last moment.",Excellent,Excellent
10. Крестный отец 2,9.0,,N/A,4000000,Unknown,90.0,"The early life and career of Vito Corleone in 1920s New York City is portrayed, while his son, Michael, expands and tightens his grip on the family crime syndicate.",Excellent,Excellent
11. Эта замечательная жизнь,8.6,,N/A,510000,Unknown,89.0,An angel is sent from Heaven to help a desperately frustrated businessman by showing him what life would have been like if he had never existed.,Excellent,Excellent
12. Окно во двор,8.5,,N/A,535000,Unknown,100.0,A bored photographer recovering from a broken leg passes the time by watching his neighbors and begins to suspect one of them of murder.,Excellent,Excellent
13. Психо,8.5,,N/A,737000,Unknown,97.0,A secretary on the run for embezzlement takes refuge at a secluded California motel owned by a repressed man and his overbearing mother.,Excellent,Excellent
14. Метрополис,8.3,,N/A,190000,Unknown,98.0,"In a futuristic city sharply divided between the working class and the city planners, the son of the city's mastermind falls in love with a working-class prophet who predicts the coming of a savior to mediate their differences.",Excellent,Excellent
15. Сансет бульвар,8.4,,N/A,243000,Unknown,94.0,A screenwriter develops a dangerous relationship with a faded film star determined to make a triumphant return.,Excellent,Excellent
16. Человек с киноаппаратом,8.3,,N/A,29000,Unknown,96.0,"A man travels around a city with a camera slung over his shoulder, documenting urban life with dazzling invention.",Excellent,Excellent
17. Токийская повесть,8.1,,N/A,71000,Unknown,100.0,"An old couple visit their children and grandchildren in the city, but receive little attention.",Excellent,Excellent
18. Поющие под дождем,8.3,,N/A,267000,Unknown,99.0,A silent film star falls for a chorus girl just as he and his delusionally jealous screen partner are trying to make the difficult transition to talking pictures in 1920s Hollywood.,Excellent,Excellent
19. Квартира,8.3,,N/A,202000,Unknown,94.0,"A Manhattan insurance clerk tries to rise in his company by letting its executives use his apartment for trysts, but office politics and his own romantic hopes complicate matters.",Excellent,Excellent
20. Лоуренс Аравийский,8.3,,N/A,322000,Unknown,100.0,"The story of T.E. Lawrence, the English officer who successfully united and led the diverse, often warring, Arab tribes during World War I in order to fight the Turks.",Excellent,Excellent
"21. Доктор Стрейнджлав, или Как я научился не волноваться и полюбил атомную бомбу",8.3,,N/A,529000,Unknown,97.0,"An unhinged American general orders a bombing attack on the Soviet Union, triggering a path to nuclear holocaust that a war room full of politicians and generals frantically tries to stop.",Excellent,Excellent
"22. Хороший, плохой, злой",8.8,,N/A,832000,Unknown,90.0,A bounty hunting scam joins two men in an uneasy alliance against a third in a race to find a fortune in gold buried in a remote cemetery.,Excellent,Excellent
23. М убийца,8.3,,N/A,173000,Unknown,0.0,"When the police in a German city are unable to catch a child-murderer, other criminals join in the manhunt.",Excellent,Excellent
24. Пролетая над гнездом кукушки,8.7,,N/A,1000000,Unknown,84.0,"In the Fall of 1963, a Korean War veteran and criminal pleads insanity and is admitted to a mental institution, where he rallies up the scared patients against the tyrannical nurse.",Excellent,Excellent
25. Третий человек,8.1,,N/A,186000,Unknown,97.0,"Pulp novelist Holly Martins travels to shadowy, postwar Vienna, only to find himself investigating the mysterious death of an old friend, Harry Lime.",Excellent,Excellent
26. Новые времена,8.5,,N/A,266000,Unknown,96.0,The Tramp struggles to live in modern industrial society with the help of a young homeless woman.,Excellent,Excellent
27. Всё о Еве,8.2,,N/A,142000,Unknown,98.0,A seemingly timid but secretly ruthless ingénue insinuates herself into the lives of an aging Broadway star and her circle of theater friends.,Excellent,Excellent
28. Рай и ад,8.4,,N/A,56000,Unknown,90.0,An executive of a Yokohama shoe company becomes a victim of extortion when his chauffeur's son is kidnapped by mistake and held for ransom.,Excellent,Excellent
29. Броненосец «Потемкин»,7.9,,N/A,62000,Unknown,97.0,"In the midst of the Russian Revolution of 1905, the crew of the battleship Potemkin mutiny against the brutal, tyrannical regime of the vessel's officers. The resulting street demonstration in Odessa brings on a police massacre.",Good,Good
30. Двойная страховка,8.3,,N/A,171000,Unknown,95.0,"An insurance representative is seduced by a dissatisfied housewife into a scheme of insurance fraud and murder that arouses the suspicion of his colleague, a claims investigator.",Excellent,Excellent
31. Апокалипсис сегодня,8.4,,N/A,726000,Unknown,94.0,A U.S. Army officer serving in Vietnam is tasked with assassinating a renegade Special Forces Colonel who sees himself as a god.,Excellent,Excellent
32. Расёмон,8.2,,N/A,185000,Unknown,98.0,"The rape of a bride and the murder of her samurai husband are recalled from the perspectives of a bandit, the bride, the samurai's ghost and a woodcutter.",Excellent,Excellent
33. Волшебник страны Оз,8.1,,N/A,438000,Unknown,92.0,"Young Dorothy Gale and her dog Toto are swept away by a tornado from their Kansas farm to the magical Land of Oz and embark on a quest with three new friends to see the Wizard, who can return her to her home and fulfill the others' wishes.",Excellent,Excellent
34. Правила игры,7.9,,N/A,32000,Unknown,99.0,"A bourgeois life in France at the onset of World War II, as the rich and their poor servants meet up at a French chateau.",Good,Excellent
35. Похитители велосипедов,8.3,,N/A,180000,Unknown,0.0,"In post-war Italy, a working-class man's bicycle is stolen, endangering his efforts to find work. He and his son set out to find it.",Excellent,Excellent
36. Таксист,8.2,,N/A,952000,Unknown,94.0,"A mentally unstable veteran works as a nighttime taxi driver in New York City, where the perceived decadence and sleaze fuels his urge for violent action.",Excellent,Excellent
37. Лучшие годы нашей жизни,8.1,,N/A,72000,Unknown,93.0,"Three World War II veterans, two of them traumatized or disabled, return home to the American midwest to discover that they and their families have been irreparably changed.",Excellent,Excellent
38. 2001 год: Космическая одиссея,8.3,,N/A,737000,Unknown,84.0,"When a mysterious artifact is uncovered on the Moon, a spacecraft manned by two humans and one supercomputer is sent to Jupiter to find its origins.",Excellent,Excellent
39. Звёздные войны,8.6,,N/A,5000000,Unknown,90.0,"Luke Skywalker joins forces with a Jedi Knight, a cocky pilot, a Wookiee and two droids to save the galaxy from the Empire's world-destroying battle station, while also attempting to rescue Princess Leia from the mysterious Darth Vader.",Excellent,Excellent
40. Унесенные ветром,8.2,,N/A,340000,Unknown,97.0,A sheltered and manipulative Southern belle and a roguish profiteer face off in a turbulent romance as the society around them crumbles with the end of slavery and is rebuilt during the Civil War and Reconstruction periods.,Excellent,Excellent
41. В джазе только девушки,8.2,,N/A,289000,Unknown,98.0,"After two male musicians witness a mob hit, they flee the state in an all-female band disguised as women, but further complications set in.",Excellent,Excellent
42. Восемь с половиной,8.0,,N/A,127000,Unknown,93.0,A harried movie director retreats into his memories and fantasies.,Excellent,Excellent
43. Это случилось однажды ночью,8.1,,N/A,115000,Unknown,87.0,A rogue reporter trailing a runaway heiress for a big story joins her on a bus heading from Florida to New York and they end up stuck with each other when the bus leaves them behind at one of the stops along the way.,Excellent,Excellent
44. Жить,8.3,,N/A,92000,Unknown,92.0,A bureaucrat tries to find meaning in his life after he discovers he has terminal cancer.,Excellent,Excellent
45. На западном фронте без перемен,8.1,,N/A,69000,Unknown,91.0,"A German youth eagerly enters World War I, but his enthusiasm wanes as he gets a firsthand view of the horror.",Excellent,Excellent
46. Битва за Алжир,8.1,,N/A,68000,Unknown,96.0,"In the 1950s, fear and violence escalate as the people of Algiers fight for independence from the French government.",Excellent,Excellent
47. Великий диктатор,8.4,,N/A,243000,Unknown,0.0,Dictator Adenoid Hynkel tries to expand his empire while a poor Jewish barber tries to avoid persecution from Hynkel's regime.,Excellent,Excellent
48. Шерлок младший,8.2,,N/A,59000,Unknown,0.0,"A film projectionist longs to be a detective, and puts his meagre skills to work when he is framed by a rival for stealing his girlfriend's father's pocketwatch.",Excellent,Excellent
49. В порту,8.1,,N/A,169000,Unknown,91.0,"An ex-prize fighter turned New Jersey longshoreman struggles to stand up to his corrupt union bosses, including his older brother, as he starts to connect with the grieving sister of one of the syndicate's victims.",Excellent,Excellent
50. Короткая встреча,8.0,,N/A,45000,Unknown,92.0,"Meeting a stranger in a railway station, a woman is tempted to cheat on her husband.",Excellent,Excellent
51. Дети райка,8.3,,N/A,22000,Unknown,96.0,The theatrical life of a beautiful courtesan in 1830s Paris and the four men who love her.,Excellent,Excellent
52. Гроздья гнева,8.1,,N/A,102000,Unknown,96.0,"An Oklahoma family, driven off their farm by the poverty and hopelessness of the Dust Bowl, joins the westward migration to California, suffering the misfortunes of the homeless in the Great Depression.",Excellent,Excellent
53. На север через северо-запад,8.3,,N/A,353000,Unknown,98.0,"A New York City advertising executive goes on the run after being mistaken for a government agent by a group of foreign spies, and falls for a woman whose loyalties he begins to doubt.",Excellent,Excellent
54. Список Шиндлера,9.0,,N/A,5000000,Unknown,95.0,"In German-occupied Poland during World War II, industrialist Oskar Schindler gradually becomes concerned for his Jewish workforce after witnessing their persecution by the Nazis.",Excellent,Excellent
55. Паровоз Генерал,8.1,,N/A,100000,Unknown,0.0,"After being rejected by the Confederate military, not realizing it was due to his crucial civilian role, an engineer must single-handedly recapture his beloved locomotive after it is seized by Union spies and return it through enemy lines.",Excellent,Excellent
56. Тропы славы,8.4,,N/A,220000,Unknown,90.0,A colonel defends three of his soldiers in a court-martial after they abandon a suicidal attack.,Excellent,Excellent
57. Мост через реку Квай,8.1,,N/A,238000,Unknown,88.0,"British POWs are forced to build a railway bridge across the river Kwai for their Japanese captors in occupied Burma, not knowing that the allied forces are planning a daring commando raid through the jungle to destroy it.",Excellent,Excellent
58. Управляющий Сансё,8.4,,N/A,19000,Unknown,96.0,"In medieval Japan, a compassionate governor is sent into exile. His wife and children try to join him, but are separated, and the children grow up amid suffering and oppression.",Excellent,Excellent
59. Сокровища Сьерра Мадре,8.2,,N/A,135000,Unknown,98.0,Two down-on-their-luck Americans searching for work in 1920s Mexico convince an old prospector to help them mine for gold in the Sierra Madre Mountains.,Excellent,Excellent
60. Барри Линдон,8.1,,N/A,188000,Unknown,89.0,An Irish rogue wins the heart of a rich widow and assumes her dead husband's aristocratic position in 18th-century England.,Excellent,Excellent
61. Сладкая жизнь,8.0,,N/A,80000,Unknown,95.0,A series of stories following a week in the life of a philandering tabloid journalist living in Rome.,Excellent,Excellent
62. Харакири,8.6,,N/A,74000,Unknown,85.0,"When a ronin requesting seppuku at a feudal lord's palace is told of the brutal suicide of another ronin who previously visited, he reveals how their pasts are intertwined - and in doing so challenges the clan's integrity.",Excellent,Excellent
63. Персона,8.0,,N/A,134000,Unknown,86.0,A nurse is put in charge of a mute actress and finds that their personae are melding together.,Excellent,Excellent
64. Поздняя весна,8.2,,N/A,20000,Unknown,93.0,"Several people try to talk 27-year-old Noriko into marrying, but all she wants is to keep on caring for her widowed father.",Excellent,Excellent
65. Красные башмачки,8.1,,N/A,41000,Unknown,0.0,A young ballet dancer is torn between the man she loves and her pursuit to become a prima ballerina.,Excellent,Excellent
66. Энни Холл,8.0,,N/A,281000,Unknown,92.0,"Alvy Singer, a divorced Jewish comedian, reflects on his relationship with ex-lover Annie Hall, an aspiring nightclub singer, which ended abruptly just like his previous marriages.",Excellent,Excellent
67. Славные парни,8.7,,N/A,3000000,Unknown,92.0,"The story of Henry Hill and his life in the mafia, covering his relationship with his wife Karen and his mob partners Jimmy Conway and Tommy DeVito.",Excellent,Excellent
68. Звёздные войны: Эпизод 5 - Империя наносит ответный удар,8.7,,N/A,4000000,Unknown,82.0,"After the Empire overpowers the Rebel Alliance, Luke Skywalker begins his Jedi training with Yoda. At the same time, Darth Vader and bounty hunter Boba Fett pursue his friends across the galaxy.",Excellent,Excellent
69. Китайский квартал,8.1,,N/A,358000,Unknown,92.0,"A private detective hired to expose an adulterer in 1930s Los Angeles finds himself caught up in a web of deceit, corruption, and murder.",Excellent,Excellent
70. Чeтыреста ударов,8.0,,N/A,130000,Unknown,0.0,"A young boy, left without attention, delves into a life of petty crime.",Excellent,Excellent
71. Фанни и Александр,8.1,,N/A,68000,Unknown,100.0,"Two young Swedish children in the 1900s experience the many comedies and tragedies of their lively and affectionate theatrical family, the Ekdahls.",Excellent,Excellent
72. Великая иллюзия,8.1,,N/A,40000,Unknown,0.0,"During WWI, two French soldiers are captured and imprisoned in a German P.O.W. camp. Several escape attempts follow until they are eventually sent to a seemingly inescapable fortress.",Excellent,Excellent
73. Удел человеческий 3,8.8,,N/A,6000,Unknown,0.0,"His ideals challenged by life as a conscript in war-time Japan's military, a pacifist faces ever greater tests in his fight for survival.",Excellent,Excellent
74. Седьмая печать,8.1,,N/A,203000,Unknown,88.0,"A knight returning to Sweden after the Crusades seeks answers about life, death, and the existence of God as he plays chess against the Grim Reaper during the Black Plague.",Excellent,Excellent
75. Ночь охотника,8.0,,N/A,101000,Unknown,97.0,"A self-proclaimed preacher marries a gullible widow whose young children are reluctant to tell him where their real dad hid the $10,000 he'd stolen in a robbery.",Excellent,Excellent
76. Дурная слава,7.9,,N/A,109000,Unknown,100.0,The daughter of a convicted German spy is asked by American agents to gather information on a ring of German scientists in South America. How far will she have to go to ingratiate herself with them?,Good,Excellent
77. Печать зла,8.0,,N/A,111000,Unknown,99.0,"A Mexican official and his American wife are targeted in a Texas border town by the crime family he's trying to put behind bars for drug trafficking, as his concern grows over the tactics of the local detective whose cooperation he needs.",Excellent,Excellent
78. Телохранитель,8.2,,N/A,134000,Unknown,93.0,A crafty ronin comes to a town divided by two criminal gangs and decides to play them against each other to free the town.,Excellent,Excellent
79. Армия теней,8.1,,N/A,27000,Unknown,99.0,An account of underground resistance fighters in Nazi-occupied France.,Excellent,Excellent
80. Шоа,8.7,,N/A,11000,Unknown,99.0,Claude Lanzmann's epic documentary recounts the story of the Holocaust through interviews with witnesses - perpetrators as well as survivors.,Excellent,Excellent
81. Мальтийский сокол,7.9,,N/A,169000,Unknown,97.0,"San Francisco private detective Sam Spade takes on a case that involves him with three eccentric criminals, a gorgeous liar and their quest for a priceless statuette, with the stakes rising after his partner is murdered.",Good,Good
82. Женщина в песках,8.5,,N/A,24000,Unknown,0.0,An entomologist on vacation is trapped by local villagers into living with a woman whose life task is shoveling sand for them.,Excellent,Excellent
83. Андрей Рублёв,8.0,,N/A,58000,Unknown,0.0,"The life, times and afflictions of the fifteenth-century Russian iconographer St. Andrei Rublev.",Excellent,Excellent
84. Золотая лихорадка,8.1,,N/A,121000,Unknown,0.0,"A prospector goes to the Klondike during the 1890s gold rush in hopes of making his fortune, and is smitten with a girl he sees in a dance hall.",Excellent,Excellent
85. Бешеный бык,8.1,,N/A,388000,Unknown,90.0,"The life of boxer Jake LaMotta, whose violence and temper that led him to the top in the ring destroyed his life outside of it.",Excellent,Excellent
86. Леопард,7.9,,N/A,30000,Unknown,100.0,"The Prince of Salina, a noble aristocrat of impeccable integrity, tries to preserve his family and class amid the tumultuous social upheavals of 1860s Sicily.",Good,Excellent
87. Бильярдист,7.9,,N/A,88000,Unknown,90.0,An up-and-coming pool player plays a long-time champion in a single high-stakes match.,Good,Excellent
88. Чужой,8.5,,N/A,992000,Unknown,89.0,"After investigating a mysterious transmission of unknown origin, the crew of a commercial spacecraft encounters a deadly lifeform.",Excellent,Excellent
89. Охотник на оленей,8.1,,N/A,369000,Unknown,90.0,An in-depth examination of the ways in which the Vietnam War impacts and disrupts the lives of several friends in a small steel mill town in Pennsylvania.,Excellent,Excellent
90. Земляничная поляна,8.1,,N/A,118000,Unknown,88.0,"After living a life marked by coldness, an aging professor is forced to confront the emptiness of his existence.",Excellent,Excellent
91. Плата за страх,8.1,,N/A,68000,Unknown,85.0,"In a decrepit South American village, four men are hired to transport an urgent nitroglycerine shipment without the equipment that would make it safe.",Excellent,Excellent
92. Как зелена была моя долина,7.7,,N/A,27000,Unknown,88.0,"At the turn of the century in a Welsh mining village, the Morgans, he stern, she gentle, raise coal-mining sons and hope their youngest will find a better life.",Good,Excellent
93. Виридиана,8.1,,N/A,27000,Unknown,0.0,"Viridiana, a young nun about to take her final vows, pays a visit to her widowed uncle at the request of her Mother Superior.",Excellent,Excellent
94. Время развлечений,7.8,,N/A,27000,Unknown,99.0,"Monsieur Hulot curiously wanders around a high-tech Paris, paralleling a trip with a group of American tourists. Meanwhile, a nightclub/restaurant prepares its opening night, but it's still under construction.",Good,Good
95. Собачий полдень,8.0,,N/A,278000,Unknown,86.0,"Three amateur robbers plan to hold up a Brooklyn bank. A nice, simple robbery: Walk in, take the money, and run. Unfortunately, the supposedly uncomplicated heist suddenly becomes a bizarre nightmare as everything that could go wrong does.",Excellent,Excellent
96. Иди и смотри,8.3,,N/A,104000,Unknown,0.0,"After finding an old rifle, a young boy joins the Soviet resistance movement against ruthless German forces and experiences the horrors of World War II.",Excellent,Excellent
97. Летят журавли,8.3,,N/A,20000,Unknown,76.0,"Veronica plans a rendezvous with her lover, Boris, at the bank of river, only for him to be drafted into World War II shortly thereafter.",Excellent,Excellent
98. Дзета,8.1,,N/A,32000,Unknown,86.0,The public murder of a prominent politician and doctor amid a violent demonstration is covered up by military and government officials. A tenacious magistrate is determined not to let them get away with it.,Excellent,Excellent
99. Побег из Шоушенка,9.3,,N/A,3000000,Unknown,82.0,"A banker convicted of uxoricide forms a friendship over a quarter century with a hardened convict, while maintaining his innocence and trying to remain hopeful through simple compassion.",Excellent,Excellent
100. Наполеон,8.2,,N/A,1000,Unknown,0.0,A film about the French general's youth and early military career.,Excellent,Excellent
101. Ночи Кабирии,8.1,,N/A,53000,Unknown,0.0,A waifish prostitute wanders the streets of Rome looking for true love but finds only heartbreak.,Excellent,Excellent
102. Вудсток,8.1,,N/A,19000,Unknown,95.0,Oscar-winning musical chronicle that brilliantly captures the three-day rock concert and celebration of peace and love that became a capstone for the Sixties.,Excellent,Excellent
103. Телесеть,8.1,,N/A,174000,Unknown,83.0,"A television network cynically exploits a deranged former anchor's ravings and revelations about mass media for its own profit, but finds that his message may be difficult to control.",Excellent,Excellent
"104. Приговоренный к смерти бежал, или Дух веет, где хочет",8.2,,N/A,26000,Unknown,0.0,A captured French Resistance fighter during World War II engineers a daunting escape from a German prison in France.,Excellent,Excellent
105. Вестсайдская история,7.6,,N/A,123000,Unknown,86.0,"Two youngsters from rival New York City gangs fall in love, but tensions between their respective friends build toward tragedy.",Good,Excellent
106. Быть или не быть,8.1,,N/A,45000,Unknown,86.0,"During the German occupation of Poland, an acting troupe becomes embroiled in a Polish soldier's efforts to track down a German spy.",Excellent,Excellent
107. Ран,8.2,,N/A,140000,Unknown,97.0,"In Medieval Japan, an elderly warlord retires, handing over his empire to his three sons. However, he vastly underestimates how the new-found power will corrupt them and cause them to turn on each other...and him.",Excellent,Excellent
108. Молчание ягнят,8.6,,N/A,6000000,Unknown,86.0,"A young F.B.I. cadet must receive the help of an incarcerated and manipulative cannibal killer to help catch another serial killer, a madman who skins his victims.",Excellent,Excellent
109. Дикая банда,7.9,,N/A,92000,Unknown,98.0,"An aging group of outlaws in 1913 Texas look for one last big score, selling stolen Army rifles to a rogue Mexican general during that country's revolution, as the traditional American West is disappearing around them.",Good,Excellent
110. Амадей,8.4,,N/A,439000,Unknown,87.0,"The life, success and troubles of Wolfgang Amadeus Mozart, as told by Antonio Salieri, the contemporaneous composer who was deeply jealous of Mozart's talent and claimed to have murdered him.",Excellent,Excellent
111. Нэшвилл,7.6,,N/A,29000,Unknown,96.0,"Over the course of a few hectic days, numerous interrelated people prepare for a political convention.",Good,Good
112. Жизнь и смерть полковника Блимпа,8.0,,N/A,17000,Unknown,93.0,"From the Boer War through World War II, a soldier rises through the ranks in the British military.",Excellent,Excellent
113. Лестница в небо,8.0,,N/A,26000,Unknown,0.0,"A British wartime aviator who cheats death must argue for his life before a celestial court, hoping to prolong his fledgling romance with an American girl.",Excellent,Excellent
114. Слово,8.2,,N/A,18000,Unknown,0.0,"Follows the lives of the Borgen family, as they deal with inner conflict, as well as religious conflict with each other, and the rest of the town.",Excellent,Excellent
115. Афера,8.3,,N/A,285000,Unknown,83.0,Two grifters team up to pull off the ultimate con.,Excellent,Excellent
116. Заводной апельсин,8.2,,N/A,897000,Unknown,77.0,Alex DeLarge and his droogs barbarize a decaying near-future.,Excellent,Excellent
117. Филадельфийская история,7.8,,N/A,75000,Unknown,96.0,"After a rich woman's ex-husband and a tabloid-type reporter turn up just before her planned remarriage, she begins to learn the truth about herself.",Good,Excellent
118. Индиана Джонс: В поисках утраченного ковчега,8.4,,N/A,1000000,Unknown,86.0,"In 1936, archaeologists and adventurers of the U.S. government hired Indiana Jones to find the Ark of the Covenant before the Nazis could obtain its extraordinary powers.",Excellent,Excellent
"119. Человек, который застрелил Либерти Вэланса",8.1,,N/A,84000,Unknown,94.0,A senator returns to a Western town for the funeral of an old friend and tells the story of his origins.,Excellent,Excellent
120. Сладкий запах успеха,8.0,,N/A,37000,Unknown,100.0,A powerful Broadway columnist coerces an unscrupulous press agent into breaking up his sister's romance with a jazz musician.,Excellent,Excellent
121. Челюсти,8.1,,N/A,680000,Unknown,87.0,"When a massive killer shark unleashes chaos on a beach community off Long Island, it's up to a local sheriff, a marine biologist, and an old seafarer to hunt the beast down.",Excellent,Excellent
122. Однажды на Диком Западе,8.5,,N/A,357000,Unknown,82.0,A mysterious stranger with a harmonica joins forces with a notorious desperado to protect a beautiful widow from a ruthless assassin working for the railroad.,Excellent,Excellent
123. Убить пересмешника,8.3,,N/A,339000,Unknown,88.0,A widowed lawyer in Depression-era Alabama defends a black man against a false rape charge while teaching his young children about the sad reality of prejudice.,Excellent,Excellent
124. Полуночный ковбой,7.8,,N/A,124000,Unknown,79.0,"A naive hustler travels from Texas to New York City to seek personal fortune, finding a new friend in the process.",Good,Excellent
125. Искатели,7.8,,N/A,98000,Unknown,94.0,An American Civil War veteran embarks on a years-long journey to rescue his niece from the Comanches after the rest of his brother's family is massacred in a raid on their Texas farm.,Good,Excellent
126. Невеста Франкенштейна,7.8,,N/A,55000,Unknown,95.0,"Mary Shelley reveals the main characters of her novel survived: Baron Henry Frankenstein, goaded by an even madder scientist, builds his monster a mate.",Good,Good
127. Женщина не в себе,8.0,,N/A,30000,Unknown,88.0,"Although wife and mother Mabel is loved by her husband Nick, her mental illness places a strain on the marriage.",Excellent,Excellent
128. Сказки туманной луны после дождя,8.1,,N/A,27000,Unknown,0.0,"A tale of ambition, family, love, and war set in the midst of the Japanese Civil Wars of the sixteenth century.",Excellent,Excellent
129. Рио Браво,8.0,,N/A,70000,Unknown,93.0,"A small-town sheriff in the American West enlists the help of a disabled man, a drunk, and a young gunfighter in his efforts to hold in jail the brother of the local bad guy.",Excellent,Excellent
130. Уступи место завтрашнему дню,8.2,,N/A,9000,Unknown,0.0,An elderly couple are forced to live hundreds of miles apart when they lose their house and none of their five children will take both parents in.,Excellent,Excellent
131. Мир Апу,8.4,,N/A,17000,Unknown,0.0,This final installment in Satyajit Ray's Apu Trilogy follows Apu's life as an orphaned adult aspiring to be a writer.,Excellent,Excellent
"132. Наудачу, Бальтазар",7.7,,N/A,23000,Unknown,98.0,The story of a mistreated donkey and the people around him. A study on saintliness and a sister piece to Bresson's Mouchette.,Good,Excellent
133. Песнь дороги,8.2,,N/A,39000,Unknown,0.0,"Impoverished priest Harihar Ray, dreaming of a better life for himself and his family, leaves his rural Bengal village in search of work.",Excellent,Excellent
134. Дилижанс,7.8,,N/A,55000,Unknown,93.0,A group of people traveling on a stagecoach find their journey complicated by the threat of Geronimo and learn something about each other in the process.,Good,Good
135. Умберто Д.,8.2,,N/A,29000,Unknown,92.0,An elderly man and his dog struggle to survive on his government pension in Rome.,Excellent,Excellent
136. Криминальное чтиво,8.9,,N/A,3000000,Unknown,95.0,"The lives of two mob hitmen, a boxer, a gangster and his wife, and a pair of diner bandits intertwine in four tales of violence and redemption.",Excellent,Excellent
137. Аталанта,7.7,,N/A,18000,Unknown,0.0,Newly married couple Juliette and a ship captain Jean struggle through marriage as they travel on the L'atalante along with the captain's first mate Le père Jules and a cabin boy.,Good,Good
138. Анатомия убийства,8.0,,N/A,73000,Unknown,95.0,"An upstate Michigan lawyer defends a soldier who claims he killed an innkeeper due to temporary insanity after the victim raped his wife. What is the truth, and will he win his case?",Excellent,Excellent
139. Выпускник,8.0,,N/A,293000,Unknown,83.0,A disillusioned college graduate finds himself torn between his older lover and her daughter.,Excellent,Excellent
140. Воспитание крошки,7.8,,N/A,67000,Unknown,91.0,"While trying to secure a $1 million donation for his museum, a befuddled paleontologist is pursued by a flighty and often irritating heiress and her pet leopard, Baby.",Good,Good
141. Магазинчик за углом,8.0,,N/A,40000,Unknown,96.0,"Two employees at a gift shop can barely stand each other, without realizing that they are falling in love through the post as each other's anonymous pen pal.",Excellent,Excellent
142. Утиный суп,7.7,,N/A,64000,Unknown,93.0,"Rufus T. Firefly is named the dictator of bankrupt Freedonia and declares war on neighboring Sylvania over the love of his wealthy backer Mrs. Teasdale, contending with two inept spies who can't seem to keep straight which side they're on.",Good,Excellent
143. Разговор,7.7,,N/A,126000,Unknown,88.0,"A paranoid, secretive surveillance expert has a crisis of conscience when he suspects that the couple he is spying on will be murdered.",Good,Excellent
144. Сияние,8.4,,N/A,1000000,Unknown,68.0,"A family heads to an isolated hotel for the winter, where a sinister presence influences the father into violence. At the same time, his psychic son sees horrifying forebodings from both the past and the future.",Excellent,Excellent
145. Трамвай «Желание»,7.9,,N/A,116000,Unknown,97.0,Disturbed Blanche DuBois moves in with her sister in New Orleans and is tormented by her brutish brother-in-law while her reality crumbles around her.,Good,Excellent
146. Алчность,8.0,,N/A,11000,Unknown,0.0,The sudden fortune won from a lottery fans such destructive greed that it ruins the lives of the three people involved.,Excellent,Excellent
147. Дни жатвы,7.7,,N/A,65000,Unknown,94.0,A hot-tempered farm laborer convinces the woman he loves to marry their rich but dying boss so that they can have a claim to his fortune.,Good,Excellent
"148. Рим, открытый город",8.0,,N/A,30000,Unknown,0.0,"During the Nazi occupation of Rome in 1944, the Resistance leader, Giorgio Manfredi, is chased by the Nazis as he seeks refuge and a way to escape.",Excellent,Excellent
149. Французский связной,7.7,,N/A,139000,Unknown,94.0,"A pair of NYPD detectives in the Narcotics Bureau stumble onto a heroin smuggling ring based in Marseilles, but stopping them and capturing their leaders proves an elusive goal.",Good,Good
150. Кинг Конг,7.9,,N/A,93000,Unknown,92.0,"A film crew goes to a tropical island for a location shoot, where they capture a colossal ape who takes a shine to their blonde starlet, and bring him back to New York City.",Good,Excellent
151. Удел человеческий,8.5,,N/A,8000,Unknown,0.0,"A Japanese pacifist, unable to face the dire consequences of conscientious objection, is transformed by his attempts to compromise with the demands of war-time Japan.",Excellent,Excellent
152. Неприятности в раю,7.9,,N/A,17000,Unknown,0.0,A gentleman thief and a lady pickpocket join forces to con a beautiful perfume company owner. Romantic entanglements and jealousies confuse the scheme.,Good,Excellent
153. Сталкер,8.0,,N/A,148000,Unknown,85.0,A guide leads two men through an area known as the Zone to find a room that grants wishes.,Excellent,Excellent
154. Ребекка,8.1,,N/A,150000,Unknown,86.0,A self-conscious woman juggles adjusting to her new role as an aristocrat's wife and avoiding being intimidated by his first wife's spectral presence.,Excellent,Excellent
"155. Жанна Дильман, набережная коммерции 23, Брюссель 1080",7.5,,N/A,15000,Unknown,94.0,"A lonely widowed housewife does her daily chores, takes care of her apartment where she lives with her teenage son, and turns the occasional trick to make ends meet. However, something happens that changes her safe routine.",Good,Excellent
156. Непрощенный,8.2,,N/A,445000,Unknown,85.0,Retired Old West gunslinger Will Munny reluctantly takes on one last job to avenge an injustice with the help of his old partner and a newer outlaw known simply as The Schofield Kid.,Excellent,Excellent
157. Тонкий человек,7.9,,N/A,33000,Unknown,86.0,"Former detective Nick Charles and his wealthy wife Nora investigate a murder case, mostly for the fun of it.",Good,Excellent
158. Леди Ева,7.7,,N/A,24000,Unknown,96.0,"A trio of classy card sharks targets a socially awkward brewery heir, until one of them falls in love with him.",Good,Good
159. Рокко и его братья,8.2,,N/A,22000,Unknown,84.0,"Having recently been uprooted to Milan, Rocco and his four brothers each look for a new way in life when a prostitute comes between Rocco and his brother Simone.",Excellent,Excellent
160. Дорога,8.0,,N/A,68000,Unknown,0.0,"A care-free girl is sold to a traveling entertainer, consequently enduring physical and emotional pain along the way.",Excellent,Excellent
161. Война и мир,8.3,,N/A,6000,Unknown,0.0,The Russian aristocracy prepares for the French invasion on the eve of 1812.,Excellent,Excellent
162. Вкус сайры,8.0,,N/A,11000,Unknown,91.0,An aging widower arranges a marriage for his only daughter.,Excellent,Excellent
163. Шепоты и крики,7.9,,N/A,38000,Unknown,0.0,"When a woman dying of cancer in early twentieth-century Sweden is visited by her two sisters, long-repressed feelings between the siblings rise to the surface.",Good,Good
164. Бен-Гур,8.1,,N/A,258000,Unknown,90.0,"A Jewish prince is betrayed and sent into slavery by a Roman friend in 1st-century Jerusalem, but it's not long before he regains his freedom and comes back for revenge.",Excellent,Excellent
165. Рокки,8.1,,N/A,646000,Unknown,70.0,A small-time Philadelphia boxer gets a supremely rare chance to fight the world heavyweight champion in a bout in which he strives to go the distance for his self-respect.,Excellent,Excellent
166. Монти Пайтон и священный Грааль,8.2,,N/A,579000,Unknown,91.0,"King Arthur and his Knights of the Round Table embark on a surreal, low-budget search for the Holy Grail, encountering many, very silly obstacles.",Excellent,Excellent
167. Леди исчезает,7.7,,N/A,58000,Unknown,98.0,"While travelling in continental Europe, a rich young playgirl realizes that an elderly lady seems to have disappeared from the train.",Good,Excellent
168. Звуки музыки,8.1,,N/A,268000,Unknown,63.0,A young novice is sent by her convent in 1930s Austria to become a governess to the seven children of a widowed naval officer.,Excellent,Excellent
169. Красная борода,8.3,,N/A,22000,Unknown,90.0,"In 19th-century Japan, a rough-tempered yet charitable town doctor trains a young intern.",Excellent,Excellent
170. Солярис,7.9,,N/A,100000,Unknown,93.0,A psychologist is sent to a station orbiting a distant planet in order to discover what has caused the crew to go insane.,Good,Excellent
171. Красавица и чудовище,7.9,,N/A,29000,Unknown,92.0,"A beautiful young woman takes her father's place as the prisoner of a mysterious beast, who wishes to marry her.",Good,Excellent
172. Бегущий по лезвию,8.1,,N/A,839000,Unknown,84.0,A blade runner must pursue and terminate four replicants who stole a ship in space and have returned to Earth to find their creator.,Excellent,Excellent
173. Зеркало,7.9,,N/A,54000,Unknown,82.0,"A dying man in his forties remembers his past. His childhood, his mother, the war, personal moments and things that tell of the recent history of all the Russian nation.",Good,Excellent
174. Последний киносеанс,8.0,,N/A,54000,Unknown,93.0,"In 1951, a group of high schoolers come of age in a bleak, isolated, atrophied North Texas town that is slowly dying, both culturally and economically.",Excellent,Excellent
175. Дыра,8.5,,N/A,21000,Unknown,0.0,Distrust and uncertainty arise when four long-term inmates cautiously induct a new prisoner into their elaborate prison-break scheme.,Excellent,Excellent
176. Последний человек,8.0,,N/A,16000,Unknown,0.0,"An aging doorman is forced to face the scorn of his friends, neighbors and society after being fired from his prestigious job at a luxurious hotel.",Excellent,Excellent
177. Самурай,8.0,,N/A,61000,Unknown,90.0,After professional hitman Jef Costello is seen by witnesses his efforts to provide himself an alibi drive him further into a corner.,Excellent,Excellent
178. Малыш,8.2,,N/A,138000,Unknown,0.0,"The Tramp cares for an abandoned child, but events put their relationship in jeopardy.",Excellent,Excellent
179. Клео от 5 до 7,7.8,,N/A,29000,Unknown,87.0,"Cleo, a singer and hypochondriac, becomes increasingly worried that she might have cancer while awaiting test results from her doctor.",Good,Good
180. Ребенок Розмари,8.0,,N/A,244000,Unknown,96.0,"A young couple trying for a baby moves into an aging, ornate apartment building on Central Park West, where they find themselves surrounded by peculiar neighbors.",Excellent,Excellent
181. Забытые,8.2,,N/A,22000,Unknown,0.0,"A group of juvenile delinquents live a violent and crime-filled life in the festering slums of Mexico City, as the morals of young Pedro are gradually corrupted and destroyed by the others.",Excellent,Excellent
182. Свидетель обвинения,8.4,,N/A,143000,Unknown,76.0,A veteran British barrister must defend his client in a murder trial that has surprise after surprise.,Excellent,Excellent
183. Хладнокровный Люк,8.0,,N/A,192000,Unknown,92.0,"A laid-back Southern man is sentenced to two years in a rural prison, but refuses to conform.",Excellent,Excellent
184. Моя прекрасная леди,7.7,,N/A,103000,Unknown,95.0,"In 1910s London, snobbish phonetics professor Henry Higgins agrees to a wager that he can make a crude flower girl, Eliza Doolittle, presentable in high society.",Good,Good
"185. Париж, Техас",8.1,,N/A,126000,Unknown,81.0,"Travis Henderson, an aimless drifter who has been missing for four years, wanders out of the desert and must reconnect with society, himself, his life, and his family.",Excellent,Excellent
186. Цирк,8.1,,N/A,37000,Unknown,90.0,The Tramp finds work and the girl of his dreams at a circus.,Excellent,Excellent
187. Властелин колец: Возвращение короля,9.0,,N/A,2000000,Unknown,94.0,Gandalf and Aragorn lead the World of Men against Sauron's army to draw his gaze from Frodo and Sam as they approach Mount Doom with the One Ring.,Excellent,Excellent
188. Фантазия,7.7,,N/A,106000,Unknown,96.0,"A series of eight famous pieces of classical music, conducted by Leopold Stokowski and interpreted in animation by Walt Disney's team of artists.",Good,Good
189. Восхождение,8.2,,N/A,11000,Unknown,0.0,"Two Soviet partisans on a mission to gather food contend with the winter cold, the occupying Germans, and their own psyches.",Excellent,Excellent
190. Цилиндр,7.7,,N/A,21000,Unknown,93.0,"An American dancer comes to Britain and falls for a model whom he initially annoyed, but she mistakes him for his goofy producer.",Good,Excellent
191. В прошлом году в Мариенбаде,7.6,,N/A,26000,Unknown,0.0,"In a strange and isolated chateau, a man becomes acquainted with a woman and insists that they have met before.",Good,Excellent
192. Ночь,7.9,,N/A,25000,Unknown,0.0,A day in the life of an unfaithful married couple and their steadily deteriorating relationship.,Good,Excellent
193. Шербурские зонтики,7.8,,N/A,32000,Unknown,86.0,A young woman separated from her lover by war faces a life-altering decision.,Good,Excellent
194. Кабинет доктора Калигари,8.0,,N/A,72000,Unknown,0.0,"Hypnotist Dr. Caligari uses a somnambulist, Cesare, to commit murders.",Excellent,Excellent
195. Кто боится Вирджинии Вульф?,8.0,,N/A,81000,Unknown,75.0,"A middle-aged New England associate professor and his wife, with the help of alcohol, use their young guests to fuel anguish and emotional pain towards each other over the course of a distressing night.",Excellent,Excellent
196. Сквозь тёмное стекло,7.9,,N/A,28000,Unknown,84.0,"Recently released from a mental hospital, Karin rejoins her emotionally disconnected family in their island home, only to slip from reality as she begins to believe she is being visited by God.",Good,Good
197. Великолепие Амберсонов,7.6,,N/A,27000,Unknown,93.0,The spoiled young heir to the decaying Amberson fortune comes between his widowed mother and the man she has always loved.,Good,Excellent
198. Паттон,7.9,,N/A,110000,Unknown,86.0,The World War II phase of the career of controversial American general George S. Patton.,Good,Excellent
199. Мужские разборки,8.1,,N/A,37000,Unknown,97.0,"Four men plan a technically perfect crime, but the human element intervenes...",Excellent,Excellent
200. Вся президентская рать,7.9,,N/A,129000,Unknown,84.0,"""The Washington Post"" reporters Bob Woodward and Carl Bernstein uncover the details of the Watergate scandal that leads to President Richard Nixon's resignation.",Good,Good
201. Конформист,7.9,,N/A,35000,Unknown,100.0,"A weak-willed Italian man becomes a fascist flunky who goes abroad to arrange the assassination of his old teacher, now a political dissident.",Good,Excellent
202. Крупный план,8.2,,N/A,24000,Unknown,92.0,"The true story of Hossain Sabzian, a cinephile who impersonated the director Mohsen Makhmalbaf to convince a family they would star in his so-called new film.",Excellent,Excellent
203. Ужасная правда,7.7,,N/A,22000,Unknown,87.0,"A married couple files an amicable divorce, but find letting go of each other harder than they originally thought.",Good,Good
204. Фауст,8.1,,N/A,17000,Unknown,0.0,The demon Mephisto wagers with God that he can corrupt a mortal man's soul.,Excellent,Excellent
205. Инопланетянин,7.9,,N/A,447000,Unknown,92.0,A troubled child summons the courage to help a friendly alien escape from Earth and return to his home planet.,Good,Excellent
206. Удел человеческий 2,8.5,,N/A,8000,Unknown,0.0,"As a conscript in war-time Japan's military, a pacifist struggles to maintain his determination to keep his ideals.",Excellent,Excellent
207. Приключение,7.7,,N/A,33000,Unknown,0.0,"A woman disappears during a Mediterranean boating trip. During the search, her lover and her best friend become attracted to each other.",Good,Good
208. Из прошлого,8.0,,N/A,42000,Unknown,85.0,"A private eye escapes his past to run a gas station in a small town, but his past catches up with him. Now he must return to the big city world of danger, corruption, double crosses, and duplicitous dames.",Excellent,Excellent
209. С собой не унесешь,7.8,,N/A,29000,Unknown,0.0,The son of a snobbish Wall Street banker becomes engaged to a woman from a good-natured but decidedly eccentric family not realizing that his father is trying to force her family from their home for a real estate development.,Good,Excellent
210. Назад в будущее,8.5,,N/A,3000000,Unknown,87.0,"Marty McFly, a 17-year-old high school student, is accidentally sent 30 years into the past in a time-traveling DeLorean invented by his close friend, the maverick scientist Doc Brown.",Excellent,Excellent
211. Непокоренный,8.2,,N/A,16000,Unknown,0.0,"Following his father's death, a boy leaves home to study in Calcutta, while his mother must face a life alone.",Excellent,Excellent
212. Могила светлячков,8.5,,N/A,330000,Unknown,94.0,A young boy and his little sister struggle to survive in Japan during World War II.,Excellent,Excellent
213. На последнем дыхании,7.7,,N/A,90000,Unknown,0.0,"A small-time crook, hunted by the authorities for a car theft and the murder of a police officer, attempts to persuade a hip American journalism student to run away with him to Italy.",Good,Excellent
214. Буч Кэссиди и Сандэнс Кид,8.0,,N/A,230000,Unknown,66.0,"In 1890s Wyoming, Butch Cassidy and The Sundance Kid lead a band of outlaws. When a train robbery goes wrong, they find themselves on the run with a posse hard on their heels..",Excellent,Excellent
215. Глубокий сон,7.9,,N/A,92000,Unknown,86.0,"Private detective Philip Marlowe is hired by a wealthy family. Before the complex case is over, he's seen murder, blackmail--and what might be love.",Good,Good
216. Делай как надо,7.9,,N/A,116000,Unknown,93.0,"On the hottest day of the year on a street in the Bedford-Stuyvesant section of Brooklyn, everyone's hate and bigotry smolders and builds until it explodes into violence.",Good,Good
217. Американская ночь,8.0,,N/A,25000,Unknown,0.0,"A committed film director struggles to complete his movie while coping with a myriad of crises, personal and professional, among the cast and crew.",Excellent,Excellent
218. Тень сомнения,7.8,,N/A,72000,Unknown,94.0,"A teenage girl, overjoyed when her uncle comes to visit the family in their quiet California town, slowly begins to suspect that he is the ""Merry Widow"" killer sought by the authorities.",Good,Excellent
219. Унесённые призраками,8.6,,N/A,881000,Unknown,96.0,"During her family's move to the suburbs, a sullen 10-year-old girl wanders into a world ruled by gods, witches and spirits, and where humans are changed into beasts.",Excellent,Excellent
220. Я - Куба,8.2,,N/A,11000,Unknown,91.0,Four vignettes about the lives of the Cuban people set during the pre-revolutionary era.,Excellent,Excellent
221. Толпа,8.1,,N/A,4000,Unknown,0.0,"The life of a man and woman together in a large, impersonal metropolis through their hopes, struggles, and downfalls.",Excellent,Excellent
222. Жюль и Джим,7.7,,N/A,45000,Unknown,97.0,Decades of a love triangle concerning two friends and an impulsive woman.,Good,Excellent
223. Яркий летний день,8.2,,N/A,13000,Unknown,91.0,"Based on a true story, primarily on a conflict between two youth gangs, a 14-year-old boy's girlfriend conflicts with the head of one gang for an unclear reason, until finally the conflict comes to a violent climax.",Excellent,Excellent
224. Властелин колец: Братство кольца,8.9,,N/A,1000000,Unknown,92.0,A meek Hobbit from the Shire and eight companions set out on a journey to destroy the powerful One Ring and save Middle-earth from the Dark Lord Sauron.,Excellent,Excellent
225. Человек-слон,8.2,,N/A,264000,Unknown,78.0,"A Victorian surgeon rescues a heavily disfigured man who is mistreated while scraping a living as a side-show freak. Behind his monstrous façade, there is revealed a person of kindness, intelligence and sophistication.",Excellent,Excellent
226. Восставшие,8.3,,N/A,15000,Unknown,90.0,"The mother of a feudal lord's only heir is kidnapped away from her husband by the lord. The husband and his samurai father must decide whether to accept the unjust decision, or risk death to get her back.",Excellent,Excellent
227. Ангел-истребитель,8.0,,N/A,36000,Unknown,0.0,The guests at an upper-class dinner party find themselves unable to leave.,Excellent,Excellent
228. Мистер Смит едет в Вашингтон,8.1,,N/A,124000,Unknown,73.0,"A naive youth leader is appointed to fill a vacancy in the U.S. Senate. His idealistic plans promptly collide with corruption at home and subterfuge from his hero in Washington, but he tries to forge ahead despite attacks on his character.",Excellent,Excellent
229. Весь этот джаз,7.8,,N/A,37000,Unknown,72.0,"Director/choreographer Bob Fosse tells his own life story as he details the sordid career of Joe Gideon, a womanizing, drug-using dancer.",Good,Good
230. Моя дорогая Клементина,7.7,,N/A,27000,Unknown,0.0,"After their cattle are stolen and their brother murdered, the Earp brothers have a score to settle with the Clanton family.",Good,Excellent
231. Дерсу Узала,8.2,,N/A,34000,Unknown,0.0,The Russian army sends an explorer on an expedition to the snowy Siberian wilderness where he makes friends with a seasoned local hunter.,Excellent,Excellent
232. Взвод,8.1,,N/A,448000,Unknown,92.0,"Chris Taylor, a neophyte recruit in Vietnam, finds himself caught in a battle of wills between two sergeants, one good and the other evil. A shrewd examination of the brutality of war and the duality of man in conflict.",Excellent,Excellent
233. Незнакомцы в поезде,7.9,,N/A,144000,Unknown,88.0,A psychopath tries to forcibly persuade a tennis star to agree to his theory that two strangers can get away with murder by submitting to his plan to kill the other's most-hated person.,Good,Good
234. Три цвета: Красный,8.1,,N/A,112000,Unknown,100.0,A model discovers a retired judge is keen on invading people's privacy.,Excellent,Excellent
235. Марти,7.7,,N/A,28000,Unknown,82.0,A middle-aged butcher and a school teacher who have given up on the idea of love meet at a dance and fall for each other.,Good,Good
236. Кабаре,7.8,,N/A,61000,Unknown,80.0,A female girlie club entertainer in Weimar Republic era Berlin romances two men while the Nazi Party rises to power around them.,Good,Excellent
237. Скромное обаяние буржуазии,7.8,,N/A,48000,Unknown,93.0,"A surreal, virtually plotless series of dreams centered around six middle-class people and their consistently interrupted attempts to have a meal together.",Good,Excellent
238. Белоснежка и семь гномов,7.6,,N/A,220000,Unknown,96.0,"Exiled into the dangerous forest by her wicked stepmother, a princess is rescued by seven dwarf miners who make her part of their household.",Good,Good
239. Амаркорд,7.8,,N/A,48000,Unknown,0.0,A series of comedic and nostalgic vignettes set in a 1930s Italian coastal town.,Good,Excellent
240. Трон в крови,8.0,,N/A,57000,Unknown,0.0,"A war-hardened general, egged on by his ambitious wife, works to fulfill a prophecy that he would become lord of Spider's Web Castle.",Excellent,Excellent
241. Потерянный уик-энд,7.9,,N/A,41000,Unknown,0.0,The desperate life of a chronic alcoholic is followed through a four-day drinking bout.,Good,Excellent
242. Отныне и во веки веков,7.6,,N/A,52000,Unknown,85.0,"At a U.S. Army base in 1941 Hawaii, a pugilistic private is cruelly punished for refusing to join his unit's boxing team. Meanwhile, his commanding officer's wife and top NCO are indulging in a torrid love affair.",Good,Good
243. Обет,8.3,,N/A,1000,Unknown,0.0,"A simple yet devout Christian makes a vow to Saint Barbara after she saves his donkey, but everyone he meets seems determined to misunderstand his intentions. Will he be able to keep his promise in the end?",Excellent,Excellent
244. Чёрный нарцисс,7.7,,N/A,29000,Unknown,86.0,"A group of nuns struggle to establish a convent in the Himalayas, while isolation, extreme weather, altitude, and culture clashes all conspire to drive the well-intentioned missionaries mad.",Good,Good
245. Жизнь куртизанки Охару,8.1,,N/A,8000,Unknown,0.0,Follows a woman's fight and survival amid the vicissitudes of life and the cruelty of society.,Excellent,Excellent
246. Мятеж на Баунти,7.6,,N/A,25000,Unknown,87.0,"First mate Fletcher Christian leads a revolt against his sadistic commander, Captain Bligh, in this classic seafaring adventure, based on the real-life 1789 mutiny.",Good,Good
247. Римские каникулы,8.0,,N/A,150000,Unknown,78.0,A bored and sheltered princess escapes her guardians and falls in love with an American newsman in Rome.,Excellent,Excellent
248. День гнева,8.1,,N/A,11000,Unknown,0.0,The young wife of an aging priest falls in love with his son amidst the horror of a merciless witch hunt in 17th-century Denmark.,Excellent,Excellent
249. Его девушка Пятница,7.8,,N/A,65000,Unknown,0.0,"A newspaper editor uses every trick in the book to keep his ace reporter ex-wife from quitting and remarrying, using an exclusive interview with a death row convict as an enticement to buy himself some time to win her back.",Good,Good
250. Добрые сердца и короны,8.0,,N/A,40000,Unknown,0.0,A distant poor relative of the Duke D'Ascoyne plots to inherit the title by murdering the eight other heirs who stand ahead of him in the line of succession.,Excellent,Excellent
